Playing Time,,,,Performance,,,,,,,,Per 90 Minutes,,,,,,,,,,,,
Rk,Player,Nation,Pos,Squad,Age,Born,MP,Starts,Min,90s,Gls,Ast,G+A,G-PK,PK,PKatt,CrdY,CrdR,Gls,Ast,G+A,G-PK,G+A-PK,Matches
▲,,,,,,,,,,,,,,,,,,,,,,,,
1,Lucas Abascia,ar ARG,DF,Querétaro,30-072,1995,6,6,540,6,0,0,0,0,0,0,2,0,0,0,0,0,0,Matches
2,José Abella,mx MEX,DF,Santos Laguna,32-010,1994,21,21,"1,596",17.7,0,5,5,0,0,0,3,1,0,0.28,0.28,0,0.28,Matches
3,Diego Abreu,uy URU,FW,Tijuana,22-177,2003,2,0,40,0.4,0,0,0,0,0,0,0,0,0,0,0,0,0,Matches
4,Carlos Acevedo,mx MEX,GK,Santos Laguna,29-307,1996,23,23,"2,049",22.8,0,0,0,0,0,0,1,0,0,0,0,0,0,Matches
5,Alonso Aceves,mx MEX,DF,Pachuca,24-329,2001,15,15,"1,288",14.3,1,2,3,1,0,0,2,1,0.07,0.14,0.21,0.07,0.21,Matches
6,Alonso Aceves,mx MEX,DF,Monterrey,24-329,2001,6,5,469,5.2,0,0,0,0,0,0,0,0,0,0,0,0,0,Matches
7,Sebastián Aceves,mx MEX,DF,Toluca,20-062,2005,2,2,135,1.5,0,0,0,0,0,0,1,0,0,0,0,0,0,Matches
8,Eduardo Águila,mx MEX,DF,Atlético San Luis,23-279,2002,20,19,"1,788",19.9,1,0,1,1,0,0,1,0,0.05,0,0.05,0.05,0.05,Matches
9,Daniel Aguirre,us USA,DF,Guadalajara,26-233,1999,16,12,"1,048",11.6,3,2,5,3,0,0,4,0,0.26,0.17,0.43,0.26,0.43,Matches
10,Eduardo Aguirre,mx MEX,"FW,MF",Atlas,27-201,1998,17,7,787,8.7,1,2,3,1,0,0,2,0,0.11,0.23,0.34,0.11,0.34,Matches
11,Érick Aguirre,mx MEX,"DF,MF",Monterrey,28-362,1997,12,7,602,6.7,0,1,1,0,0,0,1,0,0,0.15,0.15,0,0.15,Matches
12,Gaddi Aguirre,mx MEX,DF,Atlas,29-326,1996,22,22,"1,980",22,1,1,2,1,0,0,4,0,0.05,0.05,0.09,0.05,0.09,Matches
13,Rodrigo Aguirre,uy URU,FW,América,31-142,1994,18,11,998,11.1,4,0,4,4,0,0,1,0,0.36,0,0.36,0.36,0.36,Matches
14,Rodrigo Aguirre,uy URU,FW,UANL,31-142,1994,1,1,90,1,0,0,0,0,0,0,0,0,0,0,0,0,0,Matches
15,Jorge Agustín Rodríguez,ar ARG,MF,Monterrey,30-158,1995,21,16,"1,369",15.2,1,0,1,1,0,0,4,1,0.07,0,0.07,0.07,0.07,Matches
16,Jesús Alberto Angulo,mx MEX,DF,UANL,28-021,1998,12,6,603,6.7,0,0,0,0,0,0,3,1,0,0,0,0,0,Matches
17,Jesús Alcantar,mx MEX,DF,Necaxa,22-205,2003,4,2,151,1.7,0,0,0,0,0,0,0,0,0,0,0,0,0,Matches
18,Alexandre Alemão,br BRA,FW,Pachuca,27-325,1998,3,1,108,1.2,0,0,0,0,0,0,0,0,0,0,0,0,0,Matches
19,Daniel Alexis Parra,mx MEX,DF,Querétaro,26-215,1999,2,0,12,0.1,0,0,0,0,0,0,0,0,0,0,0,0,0,Matches
20,Luis Alfonso Rodríguez,mx MEX,DF,Pachuca,35-030,1991,4,4,314,3.5,0,0,0,0,0,0,0,0,0,0,0,0,0,Matches
21,Guillermo Allison,mx MEX,GK,Querétaro,35-148,1990,18,18,"1,620",18,0,0,0,0,0,0,4,0,0,0,0,0,0,Matches
22,Facundo Almada,ar ARG,DF,Mazatlán,27-225,1998,23,23,"2,070",23,6,0,6,6,0,0,2,0,0.26,0,0.26,0.26,0.26,Matches
23,Agustín Almendra,ar ARG,MF,Necaxa,26-009,2000,5,2,241,2.7,0,0,0,0,0,0,0,0,0,0,0,0,0,Matches
24,Ricardo Alonso,mx MEX,DF,Necaxa,18-311,2007,1,0,9,0.1,0,0,0,0,0,0,0,0,0,0,0,0,0,Matches
25,Alfonso Alvarado,mx MEX,FW,Monterrey,25-342,2000,1,1,45,0.5,0,0,0,0,0,0,0,0,0,0,0,0,0,Matches
26,Alfonso Alvarado,mx MEX,"FW,MF",León,25-342,2000,16,12,928,10.3,2,0,2,2,0,0,1,0,0.19,0,0.19,0.19,0.19,Matches
27,Roberto Alvarado,mx MEX,"MF,FW",Guadalajara,27-166,1998,18,15,"1,310",14.6,4,3,7,4,0,0,0,0,0.27,0.21,0.48,0.27,0.48,Matches
28,Alek Álvarez,mx MEX,MF,Toluca,22-324,2003,3,0,74,0.8,0,0,0,0,0,0,1,0,0,0,0,0,0,Matches
29,Efrain Alvarez,mx MEX,"MF,FW",Guadalajara,23-246,2002,23,20,"1,516",16.8,3,5,8,3,0,1,0,0,0.18,0.3,0.47,0.18,0.47,Matches
30,Kevin Álvarez,mx MEX,"DF,MF",América,27-036,1999,20,16,"1,498",16.6,1,1,2,1,0,0,0,0,0.06,0.06,0.12,0.06,0.12,Matches
31,Fidel Ambríz,mx MEX,MF,Monterrey,22-336,2003,19,14,"1,270",14.1,1,0,1,1,0,0,1,0,0.07,0,0.07,0.07,0.07,Matches
32,Bruno Amione,ar ARG,DF,Santos Laguna,24-048,2002,22,21,"1,776",19.7,3,1,4,3,0,0,6,0,0.15,0.05,0.2,0.15,0.2,Matches
33,Alejandro Andrade,mx MEX,MF,Necaxa,24-188,2001,5,1,97,1.1,0,0,0,0,0,0,2,0,0,0,0,0,0,Matches
34,Luis Ángel Malagón,mx MEX,GK,América,28-355,1997,21,21,"1,890",21,0,0,0,0,0,0,3,0,0,0,0,0,0,Matches
35,Álvaro Angulo,co COL,DF,UNAM,28-262,1997,19,18,"1,621",18,3,2,5,2,1,2,4,2,0.17,0.11,0.28,0.11,0.22,Matches
36,Jesús Angulo,mx MEX,MF,Toluca,29-000,1997,21,19,"1,474",16.4,5,4,9,5,0,0,1,0,0.31,0.24,0.55,0.31,0.55,Matches
37,José Antonio Rodríguez,mx MEX,GK,Tijuana,33-231,1992,23,22,"2,059",22.9,0,0,0,0,0,0,2,0,0,0,0,0,0,Matches
38,Uriel Antuna,mx MEX,MF,UNAM,28-183,1997,3,1,136,1.5,0,1,1,0,0,0,1,0,0,0.66,0.66,0,0.66,Matches
39,Uriel Antuna,mx MEX,MF,UANL,28-183,1997,12,2,229,2.5,0,0,0,0,0,0,0,0,0,0,0,0,0,Matches
40,Javier Aquino,mx MEX,DF,FC Juárez,36-009,1990,4,3,227,2.5,0,0,0,0,0,0,0,0,0,0,0,0,0,Matches
41,Javier Aquino,mx MEX,"DF,MF",UANL,36-009,1990,16,16,"1,345",14.9,0,2,2,0,0,0,3,0,0,0.13,0.13,0,0.13,Matches
42,Ángelo Araos,cl CHI,"MF,FW",Puebla,29-045,1997,7,2,233,2.6,1,0,1,1,0,0,0,0,0.39,0,0.39,0.39,0.39,Matches
43,César Araujo,uy URU,MF,UANL,24-324,2001,2,1,74,0.8,0,0,0,0,0,0,0,0,0,0,0,0,0,Matches
44,Fernando Arce Jr.,us USA,MF,Toluca,29-085,1996,6,2,175,1.9,0,0,0,0,0,0,1,0,0,0,0,0,0,Matches
45,Ramiro Árciga,mx MEX,MF,Tijuana,21-174,2004,22,18,"1,360",15.1,1,5,6,1,0,0,5,0,0.07,0.33,0.4,0.07,0.4,Matches
46,Daniel Arcila,co COL,MF,León,23-280,2002,10,2,346,3.8,1,0,1,1,0,0,1,0,0.26,0,0.26,0.26,0.26,Matches
47,Jesús Arellano,mx MEX,MF,Querétaro,21-060,2004,1,0,8,0.1,0,0,0,0,0,0,0,0,0,0,0,0,0,Matches
48,Eduardo Armenta,mx MEX,MF,Querétaro,24-066,2001,12,11,837,9.3,0,1,1,0,0,0,2,0,0,0.11,0.11,0,0.11,Matches
49,José Arroyo,mx MEX,FW,Toluca,19-297,2006,1,0,1,0,0,0,0,0,0,0,0,0,0,0,0,0,0,Matches
50,Gerardo Arteaga,mx MEX,DF,Monterrey,27-166,1998,21,17,"1,572",17.5,1,1,2,1,0,0,1,0,0.06,0.06,0.11,0.06,0.11,Matches
51,Víctor Arteaga,mx MEX,FW,Toluca,21-359,2004,1,1,45,0.5,0,0,0,0,0,0,1,0,0,0,0,0,0,Matches
52,Ali Ávila,mx MEX,FW,Querétaro,22-150,2003,14,11,909,10.1,7,0,7,6,1,1,3,1,0.69,0,0.69,0.59,0.59,Matches
53,Ettson Ayon,mx MEX,FW,FC Juárez,24-331,2001,4,0,66,0.7,0,0,0,0,0,0,0,0,0,0,0,0,0,Matches
54,Ettson Ayon,mx MEX,FW,León,24-331,2001,8,3,360,4,0,0,0,0,0,0,2,0,0,0,0,0,0,Matches
55,Angel Azuaje,ve VEN,DF,UNAM,21-148,2004,14,10,922,10.2,0,0,0,0,0,0,2,0,0,0,0,0,0,Matches
56,Tomás Badaloni,ar ARG,FW,Necaxa,25-294,2000,23,14,"1,316",14.6,5,2,7,5,0,0,1,0,0.34,0.14,0.48,0.34,0.48,Matches
57,Kevin Balanta,co COL,DF,Santos Laguna,28-298,1997,21,21,"1,799",20,1,0,1,1,0,0,7,0,0.05,0,0.05,0.05,0.05,Matches
58,Carlos Baltazar,mx MEX,MF,Puebla,28-361,1997,16,5,646,7.2,3,2,5,3,0,0,0,0,0.42,0.28,0.7,0.42,0.7,Matches
59,Robson Bambu,br BRA,DF,Atlético San Luis,28-100,1997,15,15,"1,304",14.5,0,1,1,0,0,0,2,1,0,0.07,0.07,0,0.07,Matches
60,Fidel Barajas,mx MEX,MF,Atlético San Luis,19-321,2006,9,1,177,2,1,0,1,1,0,0,0,0,0.51,0,0.51,0.51,0.51,Matches
61,Diego Barbosa,mx MEX,"DF,MF",Toluca,29-148,1996,17,10,"1,034",11.5,0,0,0,0,0,0,3,0,0,0,0,0,0,Matches
62,Jaine Barreiro,co COL,DF,León,31-246,1994,21,21,"1,882",20.9,0,0,0,0,0,0,9,1,0,0,0,0,0,Matches
63,Pablo Barrera,mx MEX,"MF,FW",Querétaro,38-244,1987,11,6,535,5.9,1,2,3,0,1,2,3,0,0.17,0.34,0.5,0,0.34,Matches
64,Sergio Barreto,ar ARG,DF,Pachuca,26-306,1999,21,21,"1,885",20.9,1,0,1,1,0,0,7,1,0.05,0,0.05,0.05,0.05,Matches
65,Bruno Barticciotto,cl CHI,FW,Santos Laguna,24-289,2001,11,7,613,6.8,2,1,3,1,1,2,2,1,0.29,0.15,0.44,0.15,0.29,Matches
66,Alán Bautista,mx MEX,MF,Pachuca,23-106,2002,21,19,"1,596",17.7,2,1,3,2,0,0,5,1,0.11,0.06,0.17,0.11,0.17,Matches
67,Paul Bellón,mx MEX,DF,León,28-261,1997,8,7,644,7.2,0,0,0,0,0,0,2,0,0,0,0,0,0,Matches
68,Fernando Beltrán,mx MEX,MF,León,27-288,1998,21,18,"1,486",16.5,1,2,3,1,0,0,3,0,0.06,0.12,0.18,0.06,0.18,Matches
69,Anwar Ben Rhouma,us USA,FW,Mazatlán,20-323,2005,3,0,21,0.2,0,0,0,0,0,0,0,0,0,0,0,0,0,Matches
70,Nicolás Benedetti,co COL,"MF,FW",Mazatlán,28-301,1997,15,13,"1,043",11.6,3,2,5,2,1,3,4,0,0.26,0.17,0.43,0.17,0.35,Matches
71,Pablo Bennevendo Peña,mx MEX,DF,UNAM,26-048,2000,19,19,"1,653",18.4,0,1,1,0,0,0,3,0,0,0.05,0.05,0,0.05,Matches
72,Jorge Berlanga,mx MEX,DF,Pachuca,22-217,2003,9,6,549,6.1,0,0,0,0,0,0,4,0,0,0,0,0,0,Matches
73,Germán Berterame,mx MEX,FW,Monterrey,27-099,1998,20,20,"1,716",19.1,11,3,14,11,0,0,0,0,0.58,0.16,0.73,0.58,0.73,Matches
74,Unai Bilbao,es ESP,DF,Tijuana,32-016,1994,15,12,"1,132",12.6,2,0,2,2,0,0,2,0,0.16,0,0.16,0.16,0.16,Matches
75,Domingo Blanco,ar ARG,MF,Tijuana,30-304,1995,19,7,730,8.1,1,0,1,1,0,0,2,1,0.12,0,0.12,0.12,0.12,Matches
76,Luis Blanco,mx MEX,MF,Atlas,20-028,2006,1,0,3,0,0,0,0,0,0,0,0,0,0,0,0,0,0,Matches
77,Rodrigo Bogarín,py PAR,MF,Querétaro,28-272,1997,16,14,"1,224",13.6,1,0,1,1,0,0,1,0,0.07,0,0.07,0.07,0.07,Matches
78,Mateusz Bogusz,pl POL,"MF,FW",Cruz Azul,24-182,2001,12,6,536,6,1,1,2,1,0,0,2,0,0.17,0.17,0.34,0.17,0.34,Matches
79,Cristian Borja,co COL,DF,América,33-002,1993,22,21,"1,895",21.1,0,2,2,0,0,0,3,0,0,0.09,0.09,0,0.09,Matches
80,Frank Boya,cm CMR,MF,Tijuana,29-234,1996,15,14,"1,107",12.3,6,0,6,6,0,0,3,0,0.49,0,0.49,0.49,0.49,Matches
81,Antonio Briseño,mx MEX,DF,Toluca,32-015,1994,9,5,448,5,0,1,1,0,0,0,0,0,0,0.2,0.2,0,0.2,Matches
82,Isaác Brizuela,mx MEX,"DF,FW",Guadalajara,35-176,1990,1,0,22,0.2,0,0,0,0,0,0,0,0,0,0,0,0,0,Matches
83,Juan Brunetta,ar ARG,MF,UANL,28-284,1997,23,18,"1,662",18.5,8,4,12,8,0,0,5,0,0.43,0.22,0.65,0.43,0.65,Matches
84,Ezequiel Bullaude,ar ARG,"MF,FW",Santos Laguna,25-117,2000,5,4,282,3.1,1,1,2,1,0,0,1,0,0.32,0.32,0.64,0.32,0.64,Matches
85,Ezequiel Bullaude,ar ARG,"FW,MF",Tijuana,25-117,2000,6,0,94,1,1,0,1,1,0,0,1,0,0.96,0,0.96,0.96,0.96,Matches
86,Alvaro Burgos,,DF,Puebla,,,5,5,450,5,1,0,1,1,0,0,2,0,0.2,0,0.2,0.2,0.2,Matches
87,Sebastián Cáceres,uy URU,DF,América,26-186,1999,19,18,"1,592",17.7,0,0,0,0,0,0,5,0,0,0,0,0,0,Matches
88,Jhonder Cádiz,ve VEN,FW,Pachuca,30-206,1995,18,8,738,8.2,2,3,5,2,0,0,3,0,0.24,0.37,0.61,0.24,0.61,Matches
89,José Caicedo,co COL,MF,UNAM,23-273,2002,16,14,"1,189",13.2,0,0,0,0,0,0,7,1,0,0,0,0,0,Matches
90,Cristian Calderón,mx MEX,DF,Necaxa,28-272,1997,19,16,"1,348",15,1,1,2,1,0,0,5,0,0.07,0.07,0.13,0.07,0.13,Matches
91,Hugo Camberos,mx MEX,FW,Guadalajara,19-214,2006,8,0,146,1.6,0,0,0,0,0,0,1,0,0,0,0,0,0,Matches
92,Diber Cambindo,co COL,FW,Necaxa,30-003,1996,14,13,"1,070",11.9,6,2,8,6,0,0,5,1,0.5,0.17,0.67,0.5,0.67,Matches
93,Diber Cambindo,co COL,FW,León,30-003,1996,6,4,404,4.5,2,0,2,2,0,0,1,0,0.45,0,0.45,0.45,0.45,Matches
94,Diego Campillo,mx MEX,"DF,MF",Guadalajara,24-124,2001,19,14,"1,296",14.4,1,1,2,1,0,0,4,0,0.07,0.07,0.14,0.07,0.14,Matches
95,Omar Campos,mx MEX,"MF,DF",Cruz Azul,23-215,2002,18,7,685,7.6,1,0,1,1,0,0,0,0,0.13,0,0.13,0.13,0.13,Matches
96,Sergio Canales,es ESP,"MF,FW",Monterrey,35-004,1991,20,20,"1,684",18.7,11,4,15,9,2,4,3,0,0.59,0.21,0.8,0.48,0.69,Matches
97,Manuel Capasso,ar ARG,DF,Atlas,29-307,1996,6,6,540,6,1,0,1,1,0,0,1,0,0.17,0,0.17,0.17,0.17,Matches
98,Michael Carcelen,ec ECU,MF,Querétaro,28-313,1997,12,5,456,5.1,0,1,1,0,0,0,4,0,0,0.2,0.2,0,0.2,Matches
99,Luis Cárdenas,mx MEX,GK,Monterrey,32-158,1993,8,8,720,8,0,0,0,0,0,0,0,0,0,0,0,0,0,Matches
100,Carlo,es ESP,MF,Querétaro,25-008,2001,13,3,369,4.1,0,0,0,0,0,0,0,0,0,0,0,0,0,Matches
101,Julián Carranza,ar ARG,FW,Necaxa,25-274,2000,5,3,230,2.6,3,0,3,2,1,1,3,1,1.17,0,1.17,0.78,0.78,Matches
102,Adalberto Carrasquilla,pa PAN,"MF,FW",UNAM,27-084,1998,22,18,"1,617",18,2,4,6,2,0,0,7,0,0.11,0.22,0.33,0.11,0.33,Matches
103,Jordan Carrillo,mx MEX,"MF,FW",Santos Laguna,24-082,2001,13,2,359,4,0,0,0,0,0,0,1,0,0,0,0,0,0,Matches
104,Jordan Carrillo,mx MEX,MF,UNAM,24-082,2001,5,5,337,3.7,2,1,3,2,0,0,1,0,0.53,0.27,0.8,0.53,0.8,Matches
105,Guilherme Carvalho,br BRA,MF,FC Juárez,26-154,1999,19,13,"1,252",13.9,4,2,6,4,0,0,6,0,0.29,0.14,0.43,0.29,0.43,Matches
106,William Carvalho,pt POR,MF,Pachuca,33-319,1992,7,3,245,2.7,0,0,0,0,0,0,0,0,0,0,0,0,0,Matches
107,Kevin Castañeda,mx MEX,"MF,FW",Tijuana,26-115,1999,23,22,"1,821",20.2,7,5,12,3,4,5,2,0,0.35,0.25,0.59,0.15,0.4,Matches
108,Christian Castillo,mx MEX,FW,Tijuana,22-204,2003,2,0,66,0.7,0,0,0,0,0,0,0,0,0,0,0,0,0,Matches
109,Moises Castillo,co COL,DF,FC Juárez,24-272,2001,19,19,"1,665",18.5,0,0,0,0,0,0,2,0,0,0,0,0,0,Matches
110,José Castillo Pérez,mx MEX,DF,Guadalajara,24-080,2001,21,19,"1,643",18.3,0,0,0,0,0,0,1,0,0,0,0,0,0,Matches
111,Raúl Castillo,mx MEX,FW,Puebla,24-080,2001,9,4,383,4.3,0,0,0,0,0,0,2,1,0,0,0,0,0,Matches
112,Christopher Castro,mx MEX,DF,Mazatlán,20-241,2005,2,0,28,0.3,0,0,0,0,0,0,0,0,0,0,0,0,0,Matches
113,Nicolás Castro,ar ARG,MF,Toluca,25-111,2000,22,19,"1,469",16.3,3,7,10,3,0,0,1,0,0.18,0.43,0.61,0.18,0.61,Matches
114,Lucas Cavallini,ca CAN,FW,Puebla,33-054,1992,1,0,28,0.3,0,0,0,0,0,0,1,0,0,0,0,0,0,Matches
115,Alan Cervantes,mx MEX,MF,América,28-034,1998,14,6,533,5.9,1,0,1,1,0,0,1,0,0.17,0,0.17,0.17,0.17,Matches
116,Ángel Chávez,mx MEX,DF,Guadalajara,21-001,2005,1,0,6,0.1,0,0,0,0,0,0,0,0,0,0,0,0,0,Matches
117,Ricardo Chávez Soto,mx MEX,"DF,MF",Monterrey,31-093,1994,16,13,"1,171",13,1,0,1,1,0,0,6,1,0.08,0,0.08,0.08,0.08,Matches
118,Ronaldo Cisneros,mx MEX,FW,Querétaro,29-043,1997,3,2,135,1.5,0,0,0,0,0,0,0,0,0,0,0,0,0,Matches
119,Matías Cóccaro,uy URU,FW,Atlas,28-097,1997,14,1,227,2.5,1,0,1,1,0,0,2,1,0.4,0,0.4,0.4,0.4,Matches
120,Bryan Colula,mx MEX,"DF,MF",Mazatlán,29-320,1996,16,15,"1,248",13.9,2,0,2,2,0,0,4,1,0.14,0,0.14,0.14,0.14,Matches
121,Bryan Colula,mx MEX,DF,León,29-320,1996,6,6,516,5.7,1,1,2,1,0,0,1,0,0.17,0.17,0.35,0.17,0.35,Matches
122,Ari Contreras,mx MEX,DF,Pachuca,20-110,2005,1,1,66,0.7,0,0,0,0,0,0,1,0,0,0,0,0,0,Matches
123,Jesús Corona,mx MEX,"MF,FW",Monterrey,33-045,1993,19,14,"1,002",11.1,2,1,3,2,0,0,3,0,0.18,0.09,0.27,0.18,0.27,Matches
124,Joe Corona,us USA,MF,Tijuana,35-226,1990,6,1,75,0.8,0,0,0,0,0,0,1,0,0,0,0,0,0,Matches
125,José Corona,mx MEX,GK,Tijuana,45-025,1981,1,1,11,0.1,0,0,0,0,0,0,0,0,0,0,0,0,0,Matches
126,Mateo Coronel,ar ARG,FW,Querétaro,27-119,1998,13,7,657,7.3,2,0,2,2,0,1,2,1,0.27,0,0.27,0.27,0.27,Matches
127,Ángel Correa,ar ARG,"MF,FW",UANL,30-348,1995,22,20,"1,849",20.5,10,6,16,9,1,2,4,0,0.49,0.29,0.78,0.44,0.73,Matches
128,Jafet Cortés,mx MEX,DF,Puebla,21-048,2005,1,0,1,0,0,0,0,0,0,0,0,0,0,0,0,0,0,Matches
129,Rogelio Cortéz Pineda,mx MEX,MF,Necaxa,21-228,2004,10,2,213,2.4,0,0,0,0,0,0,1,0,0,0,0,0,0,Matches
130,Jordi Cortizo,mx MEX,MF,Monterrey,29-235,1996,1,0,11,0.1,0,0,0,0,0,0,0,0,0,0,0,0,0,Matches
131,Jordi Cortizo,mx MEX,MF,León,29-235,1996,18,6,712,7.9,0,0,0,0,0,0,4,0,0,0,0,0,0,Matches
132,Rodolfo Cota,mx MEX,GK,América,38-232,1987,2,2,180,2,0,0,0,0,0,0,0,0,0,0,0,0,0,Matches
133,Cade Cowell,us USA,FW,Guadalajara,22-129,2003,13,4,492,5.5,1,0,1,1,0,0,1,0,0.18,0,0.18,0.18,0.18,Matches
134,Aldo Cruz,mx MEX,DF,Atlético San Luis,28-149,1997,13,3,410,4.6,0,0,0,0,0,0,0,0,0,0,0,0,0,Matches
135,Cristián Dajome,co COL,"MF,FW",Santos Laguna,32-048,1994,22,11,"1,156",12.8,4,0,4,4,0,0,5,0,0.31,0,0.31,0.31,0.31,Matches
136,Jesús David Murillo,co COL,DF,FC Juárez,32-002,1994,15,14,"1,242",13.8,1,1,2,1,0,0,6,0,0.07,0.07,0.14,0.07,0.14,Matches
137,José David Ramírez,mx MEX,"DF,MF",León,30-068,1995,15,7,599,6.7,0,0,0,0,0,0,2,0,0,0,0,0,0,Matches
138,Víctor Dávila,cl CHI,"FW,MF",América,28-108,1997,17,7,517,5.7,2,0,2,2,0,1,2,0,0.35,0,0.35,0.35,0.35,Matches
139,Diego De Buen,mx MEX,"MF,DF",Necaxa,34-232,1991,13,11,989,11,1,1,2,1,0,0,3,0,0.09,0.09,0.18,0.09,0.18,Matches
140,Gustavo Del Prete,ar ARG,"MF,FW",Atlas,29-253,1996,11,5,411,4.6,2,1,3,2,0,0,1,0,0.44,0.22,0.66,0.44,0.66,Matches
141,Everardo Del Villar,mx MEX,DF,Toluca,20-334,2005,15,11,992,11,0,0,0,0,0,0,1,0,0,0,0,0,0,Matches
142,Lucas Di Yorio,ar ARG,FW,Santos Laguna,29-090,1996,4,4,327,3.6,3,0,3,2,1,1,0,0,0.83,0,0.83,0.55,0.55,Matches
143,Nicolás Díaz Huincales,cl CHI,"DF,MF",Puebla,26-276,1999,20,19,"1,715",19.1,0,1,1,0,0,0,7,1,0,0.05,0.05,0,0.05,Matches
144,Ismael Díaz,pa PAN,"MF,FW",León,28-284,1997,16,13,"1,083",12,6,1,7,5,1,1,0,0,0.5,0.08,0.58,0.42,0.5,Matches
145,Jair Díaz,mx MEX,DF,Mazatlán,27-183,1998,13,9,901,10,0,0,0,0,0,0,4,0,0,0,0,0,0,Matches
146,Willer Ditta,co COL,DF,Cruz Azul,29-028,1997,23,22,"2,002",22.2,0,0,0,0,0,0,6,0,0,0,0,0,0,Matches
147,Alexei Dominguez,mx MEX,"MF,FW",Pachuca,21-048,2005,13,11,862,9.6,1,2,3,1,0,0,2,0,0.1,0.21,0.31,0.1,0.31,Matches
148,Juan Domínguez,mx MEX,"MF,FW",Toluca,27-113,1998,13,3,453,5,1,1,2,1,0,0,2,0,0.2,0.2,0.4,0.2,0.4,Matches
149,Juan Domínguez,mx MEX,"FW,MF",León,27-113,1998,6,5,388,4.3,0,0,0,0,0,0,0,0,0,0,0,0,0,Matches
150,Julio Domínguez,mx MEX,DF,Atlético San Luis,38-104,1987,3,0,3,0,0,0,0,0,0,0,0,0,0,0,0,0,0,Matches
151,Dória,br BRA,DF,Atlas,31-104,1994,13,12,"1,115",12.4,1,0,1,1,0,0,3,0,0.08,0,0.08,0.08,0.08,Matches
152,Jonathan dos Santos,mx MEX,MF,América,35-300,1990,12,5,435,4.8,0,1,1,0,0,0,3,0,0,0.21,0.21,0,0.21,Matches
153,Rodrigo Dourado,br BRA,MF,América,31-248,1994,6,6,495,5.5,0,1,1,0,0,0,2,0,0,0.18,0.18,0,0.18,Matches
154,Rodrigo Dourado,br BRA,MF,Atlético San Luis,31-248,1994,15,11,"1,069",11.9,0,2,2,0,0,0,4,1,0,0.17,0.17,0,0.17,Matches
155,Anderson Duarte,uy URU,"MF,FW",Atlético San Luis,21-334,2004,6,2,180,2,0,0,0,0,0,0,1,0,0,0,0,0,0,Matches
156,Anderson Duarte,uy URU,"FW,MF",Mazatlán,21-334,2004,13,8,681,7.6,2,0,2,2,0,0,3,0,0.26,0,0.26,0.26,0.26,Matches
157,Rubén Duarte,es ESP,DF,UNAM,30-125,1995,19,18,"1,617",18,2,1,3,2,0,0,9,0,0.11,0.06,0.17,0.11,0.17,Matches
158,Dudu,br BRA,"FW,MF",Mazatlán,26-194,1999,18,7,777,8.6,0,2,2,0,0,0,1,1,0,0.23,0.23,0,0.23,Matches
159,Emmanuel Echeverría,mx MEX,DF,Santos Laguna,22-139,2003,15,4,513,5.7,0,0,0,0,0,0,3,0,0,0,0,0,0,Matches
160,Rodrigo Echeverría,cl CHI,"MF,DF",León,30-309,1995,22,22,"1,939",21.5,0,0,0,0,0,0,6,0,0,0,0,0,0,Matches
161,Javier Eduardo López,mx MEX,MF,Pachuca,31-156,1994,4,0,85,0.9,0,0,0,0,0,0,1,0,0,0,0,0,0,Matches
162,Jorge Eduardo Sánchez,mx MEX,"MF,DF",Cruz Azul,28-072,1997,16,14,"1,228",13.6,0,1,1,0,0,0,1,0,0,0.07,0.07,0,0.07,Matches
163,Francisco Eduardo Venegas,mx MEX,"DF,MF",Querétaro,27-219,1998,22,19,"1,521",16.9,0,0,0,0,0,0,3,0,0,0,0,0,0,Matches
164,Luis Enrique Quiñones,co COL,MF,Pachuca,34-239,1991,22,15,"1,345",14.9,2,0,2,2,0,0,6,1,0.13,0,0.13,0.13,0.13,Matches
165,Carlos Ernesto Cisneros,mx MEX,MF,León,32-174,1993,3,1,84,0.9,0,0,0,0,0,0,0,0,0,0,0,0,0,Matches
166,Kevin Escamilla,mx MEX,MF,Tijuana,31-364,1994,7,1,184,2,0,0,0,0,0,0,1,0,0,0,0,0,0,Matches
167,Kevin Escamilla,mx MEX,"MF,DF",Querétaro,31-364,1994,4,4,360,4,0,0,0,0,0,0,1,0,0,0,0,0,0,Matches
168,Dagoberto Espinoza,mx MEX,"DF,MF",América,21-309,2004,7,7,507,5.6,1,0,1,1,0,0,1,0,0.18,0,0.18,0.18,0.18,Matches
169,Lucas Esteves,br BRA,DF,Atlético San Luis,25-241,2000,3,3,192,2.1,0,0,0,0,0,0,0,0,0,0,0,0,0,Matches
170,Ángel Estrada,mx MEX,MF,León,23-031,2003,10,2,256,2.8,0,0,0,0,0,0,0,0,0,0,0,0,0,Matches
171,Jaime Estrada,mx MEX,FW,Mazatlán,18-294,2007,1,0,11,0.1,0,0,0,0,0,0,0,0,0,0,0,0,0,Matches
172,Jose Estrada,mx MEX,FW,Toluca,18-265,2007,1,0,1,0,0,0,0,0,0,0,0,0,0,0,0,0,0,Matches
173,Oscar Estupiñan,co COL,FW,FC Juárez,29-053,1996,19,19,"1,518",16.9,10,1,11,5,5,5,3,0,0.59,0.06,0.65,0.3,0.36,Matches
174,José Eulogio,mx MEX,GK,Pachuca,22-009,2004,1,1,90,1,0,0,0,0,0,0,0,0,0,0,0,0,0,Matches
175,Fábio,br BRA,FW,Mazatlán,28-271,1997,15,15,"1,311",14.6,3,0,3,2,1,1,2,0,0.21,0,0.21,0.14,0.14,Matches
176,Kevin Facundo Gutiérrez,ar ARG,MF,Necaxa,28-262,1997,5,2,182,2,0,0,0,0,0,0,2,1,0,0,0,0,0,Matches
177,Franco Fagúndez,uy URU,FW,Santos Laguna,25-216,2000,1,0,8,0.1,0,0,0,0,0,0,0,0,0,0,0,0,0,Matches
178,Lorenzo Faravelli,ar ARG,MF,Cruz Azul,32-328,1993,16,7,652,7.2,0,1,1,0,0,0,1,1,0,0.14,0.14,0,0.14,Matches
179,Lorenzo Faravelli,ar ARG,MF,Necaxa,32-328,1993,6,5,481,5.3,0,0,0,0,0,0,1,0,0,0,0,0,0,Matches
180,Marco Farfan,us USA,DF,UANL,27-100,1998,13,10,900,10,1,1,2,1,0,0,2,1,0.1,0.1,0.2,0.1,0.2,Matches
181,Juan Fedorco,ar ARG,DF,Puebla,25-084,2000,11,11,922,10.2,0,0,0,0,0,0,4,0,0,0,0,0,0,Matches
182,Gabriel Fernández,uy URU,FW,Cruz Azul,31-283,1994,17,13,"1,166",13,8,4,12,7,1,1,0,1,0.62,0.31,0.93,0.54,0.85,Matches
183,Rafael Fernández,mx MEX,DF,Tijuana,25-199,2000,20,20,"1,766",19.6,1,1,2,1,0,0,6,0,0.05,0.05,0.1,0.05,0.1,Matches
184,Gustavo Ferrareis,br BRA,"DF,MF",Atlas,30-049,1996,23,23,"1,960",21.8,0,3,3,0,0,0,1,0,0,0.14,0.14,0,0.14,Matches
185,Álvaro Fidalgo,es ESP,MF,América,28-317,1997,19,15,"1,358",15.1,1,0,1,1,0,0,1,0,0.07,0,0.07,0.07,0.07,Matches
186,Sebastián Fierro,mx MEX,MF,Mazatlán,24-187,2001,11,3,350,3.9,0,0,0,0,0,0,3,0,0,0,0,0,0,Matches
187,Iker Fimbres,mx MEX,MF,Monterrey,20-263,2005,13,3,453,5,2,0,2,2,0,0,0,0,0.4,0,0.4,0.4,0.4,Matches
188,Leonardo Flores,mx MEX,MF,Atlético San Luis,22-305,2003,3,1,104,1.2,0,1,1,0,0,0,1,0,0,0.87,0.87,0,0.87,Matches
189,Marcelo Flores,mx MEX,MF,UANL,22-142,2003,11,7,627,7,4,0,4,4,0,0,0,0,0.57,0,0.57,0.57,0.57,Matches
190,Nicolas Fonseca,uy URU,MF,León,27-124,1998,15,13,"1,135",12.6,0,0,0,0,0,1,5,0,0,0,0,0,0,Matches
191,Alexis Francisco Peña,mx MEX,DF,Necaxa,30-038,1996,19,19,"1,603",17.8,1,0,1,1,0,0,0,0,0.06,0,0.06,0.06,0.06,Matches
192,Adonis Frías,ar ARG,DF,León,27-340,1998,5,4,369,4.1,0,0,0,0,0,0,0,0,0,0,0,0,0,Matches
193,Raymundo Fulgencio,mx MEX,"MF,FW",FC Juárez,26-008,2000,19,7,647,7.2,1,2,3,1,0,0,2,0,0.14,0.28,0.42,0.14,0.42,Matches
194,Rogelio Funes Mori,mx MEX,FW,León,34-352,1991,16,8,637,7.1,1,0,1,1,0,0,1,0,0.14,0,0.14,0.14,0.14,Matches
195,Eduardo Gabriel,br BRA,DF,Pachuca,30-007,1996,21,21,"1,889",21,0,0,0,0,0,0,7,1,0,0,0,0,0,Matches
196,Benjamín Galdames,mx MEX,MF,Atlético San Luis,24-361,2001,23,13,"1,278",14.2,3,2,5,3,0,0,2,0,0.21,0.14,0.35,0.21,0.35,Matches
197,Benjamín Galindo Jr.,mx MEX,DF,Atlético San Luis,26-347,1999,6,6,540,6,0,0,0,0,0,0,0,0,0,0,0,0,0,Matches
198,Jesús Gallardo,mx MEX,"DF,MF",Toluca,31-189,1994,19,18,"1,619",18,4,2,6,4,0,0,8,0,0.22,0.11,0.33,0.22,0.33,Matches
199,Ariel Gamarra,py PAR,"MF,DF",Puebla,22-359,2003,13,9,886,9.8,0,0,0,0,0,0,4,1,0,0,0,0,0,Matches
200,Luis Gamboa,mx MEX,FW,Atlas,17-118,2008,2,0,15,0.2,0,0,0,0,0,0,0,0,0,0,0,0,0,Matches
201,Amaury García,mx MEX,DF,Cruz Azul,24-063,2001,9,1,173,1.9,0,0,0,0,0,0,1,0,0,0,0,0,0,Matches
202,Brian García,mx MEX,DF,Pachuca,28-112,1997,20,16,"1,479",16.4,1,0,1,1,0,0,0,0,0.06,0,0.06,0.06,0.06,Matches
203,Denzell García,mx MEX,"DF,MF",FC Juárez,22-189,2003,23,23,"1,932",21.5,2,1,3,2,0,0,3,0,0.09,0.05,0.14,0.09,0.14,Matches
204,Gael García,mx MEX,MF,León,22-008,2004,1,0,6,0.1,0,0,0,0,0,0,0,0,0,0,0,0,0,Matches
205,Jordan García,co COL,GK,León,20-245,2005,1,1,90,1,0,0,0,0,0,0,0,0,0,0,0,0,0,Matches
206,Jorge García,mx MEX,MF,Mazatlán,24-029,2002,6,1,173,1.9,0,0,0,0,0,0,0,0,0,0,0,0,0,Matches
207,José García,mx MEX,DF,FC Juárez,29-243,1996,15,10,983,10.9,0,0,0,0,0,0,0,0,0,0,0,0,0,Matches
208,Luan Garcia,br BRA,DF,Toluca,32-286,1993,2,1,98,1.1,0,0,0,0,0,0,0,0,0,0,0,0,0,Matches
209,Mateo García,ar ARG,MF,Atlas,29-163,1996,15,13,926,10.3,3,1,4,3,0,0,1,0,0.29,0.1,0.39,0.29,0.39,Matches
210,Miguel Garcia,mx MEX,MF,Atlético San Luis,24-129,2001,23,17,"1,415",15.7,1,2,3,1,0,0,3,0,0.06,0.13,0.19,0.06,0.19,Matches
211,Oscar Garcia,mx MEX,GK,León,23-013,2003,19,19,"1,710",19,0,0,0,0,0,0,1,0,0,0,0,0,0,Matches
212,Stanley García,mx MEX,MF,UNAM,19-151,2006,2,0,15,0.2,0,0,0,0,0,0,1,0,0,0,0,0,0,Matches
213,Bryan Garnica,mx MEX,"MF,DF",Puebla,29-269,1996,8,2,257,2.9,0,0,0,0,0,0,0,0,0,0,0,0,0,Matches
214,César Garza,mx MEX,MF,UNAM,20-234,2005,6,6,477,5.3,0,0,0,0,0,0,3,0,0,0,0,0,0,Matches
215,Jesús Garza,mx MEX,DF,UANL,25-259,2000,18,14,"1,194",13.3,0,1,1,0,0,0,2,0,0,0.08,0.08,0,0.08,Matches
216,Valentín Gauthier,uy URU,DF,León,22-196,2003,8,6,541,6,0,0,0,0,0,0,2,1,0,0,0,0,0,Matches
217,Mourad El Ghezouani,ma MAR,FW,Tijuana,27-269,1998,15,12,"1,084",12,2,0,2,2,0,0,4,1,0.17,0,0.17,0.17,0.17,Matches
218,André-Pierre Gignac,fr FRA,"FW,MF",UANL,40-077,1985,13,5,610,6.8,2,1,3,1,1,1,3,1,0.3,0.15,0.44,0.15,0.3,Matches
219,Said Godínez,mx MEX,MF,Mazatlán,21-117,2004,3,1,180,2,0,0,0,0,0,0,0,0,0,0,0,0,0,Matches
220,Alejandro Gómez,mx MEX,"DF,MF",Tijuana,24-020,2002,22,15,"1,455",16.2,1,0,1,1,0,0,3,0,0.06,0,0.06,0.06,0.06,Matches
221,Diego Gómez,mx MEX,MF,Necaxa,22-163,2003,2,0,5,0.1,0,0,0,0,0,0,0,0,0,0,0,0,0,Matches
222,Emiliano Gómez,uy URU,"MF,FW",Puebla,24-155,2001,22,18,"1,610",17.9,6,5,11,6,0,0,1,0,0.34,0.28,0.61,0.34,0.61,Matches
223,Miguel Gómez,mx MEX,"DF,MF",Guadalajara,23-144,2002,15,3,445,4.9,0,2,2,0,0,0,1,0,0,0.4,0.4,0,0.4,Matches
224,Jaime Gómez Valencia,mx MEX,"DF,MF",Querétaro,32-218,1993,18,16,"1,352",15,0,0,0,0,0,0,3,0,0,0,0,0,0,Matches
225,Alfonso González,mx MEX,MF,Atlas,31-168,1994,18,5,615,6.8,2,0,2,1,1,1,0,0,0.29,0,0.29,0.15,0.15,Matches
226,Alfonso González,mx MEX,MF,Monterrey,31-168,1994,1,0,20,0.2,0,0,0,0,0,0,0,0,0,0,0,0,0,Matches
227,Armando González,mx MEX,FW,Guadalajara,22-306,2003,23,19,"1,541",17.1,17,1,18,15,2,2,3,0,0.99,0.06,1.05,0.88,0.93,Matches
228,Bryan González,mx MEX,"MF,DF",Guadalajara,22-316,2003,23,23,"1,964",21.8,2,2,4,2,0,0,1,0,0.09,0.09,0.18,0.09,0.18,Matches
229,Diego González,py PAR,"MF,FW",Atlas,23-044,2003,21,19,"1,631",18.1,5,6,11,4,1,1,3,0,0.28,0.33,0.61,0.22,0.55,Matches
230,Hugo González Durán,mx MEX,GK,Toluca,35-203,1990,14,14,"1,257",14,0,0,0,0,0,0,2,0,0,0,0,0,0,Matches
231,Fernando González,mx MEX,MF,Querétaro,24-300,2001,9,2,314,3.5,0,1,1,0,0,0,0,0,0,0.29,0.29,0,0.29,Matches
232,Iván González,mx MEX,"DF,MF",Mazatlán,19-137,2006,8,6,376,4.2,0,1,1,0,0,0,2,0,0,0.24,0.24,0,0.24,Matches
233,Joban González,mx MEX,MF,Tijuana,20-236,2005,3,0,46,0.5,0,0,0,0,0,0,0,0,0,0,0,0,0,Matches
234,Jonathan González,mx MEX,MF,FC Juárez,26-313,1999,4,1,82,0.9,0,0,0,0,0,0,1,0,0,0,0,0,0,Matches
235,José González,mx MEX,FW,Atlético San Luis,27-093,1998,2,0,9,0.1,0,0,0,0,0,0,1,0,0,0,0,0,0,Matches
236,Owen González,mx MEX,"MF,FW",Puebla,22-215,2003,13,8,663,7.4,0,0,0,0,0,0,1,0,0,0,0,0,0,Matches
237,Rogelio González,mx MEX,MF,Cruz Azul,21-015,2005,1,0,7,0.1,0,0,0,0,0,0,0,0,0,0,0,0,0,Matches
238,Fernando Gorriarán,uy URU,MF,UANL,31-085,1994,21,19,"1,659",18.4,0,0,0,0,0,0,7,0,0,0,0,0,0,Matches
239,Omar Govea,mx MEX,MF,Guadalajara,30-033,1996,17,17,"1,371",15.2,1,0,1,1,0,0,4,0,0.07,0,0.07,0.07,0.07,Matches
240,Carlos Gruezo,ec ECU,MF,Santos Laguna,30-307,1995,6,6,459,5.1,0,0,0,0,0,0,3,0,0,0,0,0,0,Matches
241,Andrés Gudiño,mx MEX,GK,Cruz Azul,29-024,1997,8,7,676,7.5,0,0,0,0,0,0,1,0,0,0,0,0,0,Matches
242,Javier Güemez,mx MEX,MF,Santos Laguna,34-126,1991,20,18,"1,531",17,0,0,0,0,0,0,5,0,0,0,0,0,0,Matches
243,Edgar Guerra,co COL,"MF,FW",Puebla,24-348,2001,17,14,"1,159",12.9,3,1,4,3,0,0,4,0,0.23,0.08,0.31,0.23,0.31,Matches
244,Rafael Guerrero,mx MEX,DF,UANL,23-038,2003,2,0,7,0.1,0,0,0,0,0,0,0,0,0,0,0,0,0,Matches
245,Daniel Guillén,mx MEX,FW,Atlético San Luis,24-199,2001,3,0,61,0.7,0,0,0,0,0,0,0,0,0,0,0,0,0,Matches
246,Alexis Gutiérrez,mx MEX,MF,América,25-359,2000,18,13,992,11,0,2,2,0,0,0,1,0,0,0.18,0.18,0,0.18,Matches
247,Brian Gutiérrez,us USA,MF,Guadalajara,22-248,2003,6,5,398,4.4,0,0,0,0,0,0,0,0,0,0,0,0,0,Matches
248,Edson Gutiérrez,mx MEX,DF,Santos Laguna,30-032,1996,7,2,287,3.2,0,0,0,0,0,0,0,0,0,0,0,0,0,Matches
249,Erick Gutiérrez,mx MEX,MF,Guadalajara,30-250,1995,12,6,659,7.3,0,2,2,0,0,0,4,0,0,0.27,0.27,0,0.27,Matches
250,Ricardo Gutiérrez,mx MEX,GK,Puebla,28-248,1997,6,6,540,6,0,0,0,0,0,0,1,0,0,0,0,0,0,Matches
251,Ricardo Gutiérrez,mx MEX,GK,Mazatlán,28-248,1997,17,17,"1,530",17,0,0,0,0,0,0,1,0,0,0,0,0,0,Matches
252,Nahuel Guzmán,ar ARG,GK,UANL,40-010,1986,23,23,"2,070",23,0,0,0,0,0,0,3,0,0,0,0,0,0,Matches
253,Víctor Guzmán,mx MEX,MF,Pachuca,31-017,1995,21,7,902,10,0,5,5,0,0,0,0,0,0,0.5,0.5,0,0.5,Matches
254,Víctor Guzmán,mx MEX,DF,Monterrey,23-350,2002,15,11,"1,065",11.8,1,0,1,1,0,0,0,0,0.08,0,0.08,0.08,0.08,Matches
255,Helinho,br BRA,"MF,FW",Toluca,25-301,2000,9,7,553,6.1,6,2,8,4,2,2,3,0,0.98,0.33,1.3,0.65,0.98,Matches
256,Cristóbal Hernández,mx MEX,FW,Pachuca,18-172,2007,1,0,24,0.3,0,0,0,0,0,0,0,0,0,0,0,0,0,Matches
257,Fernando Hernández,mx MEX,MF,León,19-077,2006,1,0,16,0.2,0,0,0,0,0,0,0,0,0,0,0,0,0,Matches
258,Illian Hernandez,mx MEX,FW,Pachuca,25-314,2000,12,1,229,2.5,0,0,0,0,0,0,0,0,0,0,0,0,0,Matches
259,Javier Hernández,mx MEX,FW,Guadalajara,37-264,1988,5,0,117,1.3,1,0,1,1,0,0,0,0,0.77,0,0.77,0.77,0.77,Matches
260,Jesús Hernández,mx MEX,FW,Querétaro,22-042,2004,4,1,151,1.7,0,0,0,0,0,0,0,1,0,0,0,0,0,Matches
261,Jesús Hernández,mx MEX,"MF,FW",Mazatlán,24-203,2001,17,10,873,9.7,0,1,1,0,0,0,0,0,0,0.1,0.1,0,0.1,Matches
262,Sebastián Hernández,mx MEX,DF,Querétaro,21-344,2004,2,0,44,0.5,0,0,0,0,0,0,0,0,0,0,0,0,0,Matches
263,Sergio Hernandez,mx MEX,"MF,DF",Atlas,21-294,2004,17,13,"1,137",12.6,0,1,1,0,0,0,1,0,0,0.08,0.08,0,0.08,Matches
264,Alberto Herrera,mx MEX,"MF,DF",Mazatlán,24-362,2001,4,3,281,3.1,1,0,1,1,0,0,1,0,0.32,0,0.32,0.32,0.32,Matches
265,Héctor Herrera,mx MEX,MF,Toluca,35-307,1990,15,4,334,3.7,1,0,1,1,0,0,0,1,0.27,0,0.27,0.27,0.27,Matches
266,Ozziel Herrera,mx MEX,MF,UANL,24-273,2001,18,13,"1,060",11.8,4,3,7,4,0,0,5,0,0.34,0.25,0.59,0.34,0.59,Matches
267,Héctor Holguín,mx MEX,GK,Santos Laguna,24-302,2001,1,0,21,0.2,0,0,0,0,0,0,0,0,0,0,0,0,0,Matches
268,Santiago Homenchenko,uy URU,"DF,MF",Querétaro,22-174,2003,18,18,"1,570",17.4,4,0,4,2,2,2,5,1,0.23,0,0.23,0.11,0.11,Matches
269,Nicolás Ibáñez,ar ARG,FW,Cruz Azul,31-181,1994,1,1,89,1,1,0,1,1,0,0,1,0,1.01,0,1.01,1.01,1.01,Matches
270,Nicolás Ibáñez,ar ARG,FW,UANL,31-181,1994,13,6,584,6.5,3,0,3,3,0,1,0,0,0.46,0,0.46,0.46,0.46,Matches
271,Oussama Idrissi,ma MAR,"MF,FW",Pachuca,29-359,1996,18,13,964,10.7,4,1,5,3,1,2,5,1,0.37,0.09,0.47,0.28,0.37,Matches
272,Cristian Inda,mx MEX,MF,Guadalajara,18-136,2007,1,0,7,0.1,1,0,1,1,0,0,0,0,12.86,0,12.86,12.86,12.86,Matches
273,Jefferson Intriago,ec ECU,MF,Mazatlán,29-261,1996,2,1,61,0.7,0,0,0,0,0,0,0,0,0,0,0,0,0,Matches
274,Mauricio Isais,mx MEX,"DF,MF",Toluca,24-317,2001,5,4,316,3.5,0,0,0,0,0,0,1,0,0,0,0,0,0,Matches
275,Omar Israel Mendoza,mx MEX,DF,Querétaro,37-115,1988,12,10,922,10.2,0,0,0,0,0,0,3,0,0,0,0,0,0,Matches
276,José Iván Rodríguez,mx MEX,MF,Necaxa,29-248,1996,15,15,"1,285",14.3,0,0,0,0,0,0,7,0,0,0,0,0,0,Matches
277,José Iván Rodríguez,mx MEX,MF,León,29-248,1996,6,5,421,4.7,0,0,0,0,0,0,1,0,0,0,0,0,0,Matches
278,Tomás Jacob,ar ARG,"DF,MF",Necaxa,21-306,2004,14,12,"1,067",11.9,1,0,1,1,0,0,2,0,0.08,0,0.08,0.08,0.08,Matches
279,Oscar Jiménez,mx MEX,GK,León,37-131,1988,3,3,270,3,0,0,0,0,0,0,0,0,0,0,0,0,0,Matches
280,Tahiel Jiménez,mx MEX,FW,Santos Laguna,20-029,2006,5,0,73,0.8,0,0,0,0,0,0,0,0,0,0,0,0,0,Matches
281,Joaquim,br BRA,DF,UANL,27-054,1998,21,16,"1,466",16.3,1,0,1,1,0,0,4,0,0.06,0,0.06,0.06,0.06,Matches
282,José Joaquín Esquivel,mx MEX,MF,Mazatlán,28-044,1998,15,14,"1,073",11.9,1,1,2,1,0,0,3,0,0.08,0.08,0.17,0.08,0.17,Matches
283,Julio José González,mx MEX,GK,Puebla,34-303,1991,11,10,945,10.5,0,0,0,0,0,0,1,0,0,0,0,0,0,Matches
284,Juan José Sánchez,mx MEX,DF,UANL,28-042,1998,15,12,"1,055",11.7,0,0,0,0,0,0,6,2,0,0,0,0,0,Matches
285,José Juan Macías,mx MEX,FW,UNAM,26-151,1999,11,5,330,3.7,4,2,6,2,2,2,0,0,1.09,0.55,1.64,0.55,1.09,Matches
286,Juanpe,es ESP,DF,Atlético San Luis,34-296,1991,13,13,"1,018",11.3,0,0,0,0,0,0,1,0,0,0,0,0,0,Matches
287,Ramón Juárez,mx MEX,DF,América,24-287,2001,18,13,"1,116",12.4,2,0,2,2,0,0,1,1,0.16,0,0.16,0.16,0.16,Matches
288,Jhojan Julio,ec ECU,"MF,FW",Querétaro,28-009,1998,20,10,974,10.8,3,0,3,3,0,0,4,1,0.28,0,0.28,0.28,0.28,Matches
289,Juninho,br BRA,FW,UNAM,29-091,1996,6,3,275,3.1,3,2,5,2,1,1,0,0,0.98,0.65,1.64,0.65,1.31,Matches
290,Sebastián Jurado,mx MEX,GK,FC Juárez,28-145,1997,23,23,"2,070",23,0,0,0,0,0,0,0,0,0,0,0,0,0,Matches
291,Kenedy,br BRA,"MF,FW",Pachuca,30-012,1996,17,10,888,9.9,2,0,2,2,0,0,1,0,0.2,0,0.2,0.2,0.2,Matches
292,Mateo Klimowicz,de GER,"MF,FW",Atlético San Luis,25-229,2000,10,4,391,4.3,0,1,1,0,0,0,1,0,0,0.23,0.23,0,0.23,Matches
293,Roberto de la Rosa,mx MEX,"MF,FW",Monterrey,26-047,2000,10,2,231,2.6,1,1,2,1,0,0,0,0,0.39,0.39,0.78,0.39,0.78,Matches
294,Diego Lainez,mx MEX,MF,UANL,25-256,2000,22,18,"1,570",17.4,7,4,11,7,0,0,6,0,0.4,0.23,0.63,0.4,0.63,Matches
295,Mauro Laínez,mx MEX,"DF,MF",Mazatlán,29-287,1996,18,7,763,8.5,0,2,2,0,0,0,3,0,0,0.24,0.24,0,0.24,Matches
296,Gibran Lajud,mx MEX,GK,Atlético San Luis,32-057,1993,1,1,90,1,0,0,0,0,0,0,0,0,0,0,0,0,0,Matches
297,Emilio Lara,mx MEX,DF,Necaxa,23-278,2002,9,9,750,8.3,0,0,0,0,0,0,2,0,0,0,0,0,0,Matches
298,Richy Ledezma,us USA,MF,Guadalajara,25-167,2000,21,17,"1,264",14,1,6,7,1,0,0,8,1,0.07,0.43,0.5,0.07,0.5,Matches
299,Antonio Leone,mx MEX,DF,Monterrey,21-298,2004,2,0,27,0.3,0,0,0,0,0,0,0,0,0,0,0,0,0,Matches
300,Mateo Levy,mx MEX,FW,Cruz Azul,19-121,2006,11,1,193,2.1,0,0,0,0,0,0,1,0,0,0,0,0,0,Matches
301,Ángel Leyva,mx MEX,DF,Mazatlán,19-130,2006,13,9,846,9.4,0,0,0,0,0,0,3,1,0,0,0,0,0,Matches
302,Danny Leyva,us USA,MF,Necaxa,22-291,2003,6,5,405,4.5,0,1,1,0,0,0,0,0,0,0.22,0.22,0,0.22,Matches
303,Igor Lichnovsky,cl CHI,DF,América,31-350,1994,7,5,475,5.3,1,0,1,1,0,0,0,0,0.19,0,0.19,0.19,0.19,Matches
304,Lima,br BRA,"FW,MF",América,29-254,1996,1,0,11,0.1,0,0,0,0,0,0,0,0,0,0,0,0,0,Matches
305,Erik Lira,mx MEX,"DF,MF",Cruz Azul,25-288,2000,22,21,"1,874",20.8,0,0,0,0,0,0,4,0,0,0,0,0,0,Matches
306,Aldo López,mx MEX,MF,Santos Laguna,25-273,2000,20,15,"1,411",15.7,2,1,3,2,0,0,1,0,0.13,0.06,0.19,0.13,0.19,Matches
307,Eder López,mx MEX,DF,FC Juárez,20-050,2006,6,3,277,3.1,0,0,0,0,0,0,0,0,0,0,0,0,0,Matches
308,Edgar López,mx MEX,"FW,MF",UANL,26-305,1999,11,7,430,4.8,1,0,1,1,0,0,0,0,0.21,0,0.21,0.21,0.21,Matches
309,Gabriel López,mx MEX,FW,Mazatlán,23-010,2003,4,0,27,0.3,0,1,1,0,0,0,0,0,0,3.33,3.33,0,3.33,Matches
310,René López,mx MEX,DF,Pachuca,24-047,2002,1,0,4,0,0,0,0,0,0,0,0,0,0,0,0,0,0,Matches
311,Rodrigo López,mx MEX,"MF,FW",UNAM,24-100,2001,20,10,865,9.6,1,2,3,1,0,0,0,0,0.1,0.21,0.31,0.1,0.31,Matches
312,Santiago López,ca CAN,FW,UNAM,20-255,2005,8,1,234,2.6,0,1,1,0,0,0,1,0,0,0.38,0.38,0,0.38,Matches
313,Vladimir Loroña,mx MEX,DF,UANL,27-096,1998,4,2,203,2.3,0,1,1,0,0,0,1,0,0,0.44,0.44,0,0.44,Matches
314,João Lourenço,br BRA,MF,Atlético San Luis,20-220,2005,2,0,14,0.2,0,0,0,0,0,0,0,0,0,0,0,0,0,Matches
315,Anthony Lozano,hn HON,FW,Santos Laguna,32-301,1993,7,3,230,2.6,0,0,0,0,0,0,0,1,0,0,0,0,0,Matches
316,Esteban Lozano,mx MEX,FW,Puebla,22-347,2003,18,13,"1,182",13.1,2,0,2,2,0,0,2,0,0.15,0,0.15,0.15,0.15,Matches
317,José Lozano,mx MEX,"DF,MF",Atlas,27-138,1998,9,9,694,7.7,1,1,2,1,0,0,4,1,0.13,0.13,0.26,0.13,0.26,Matches
318,José Luis Rodríguez,pa PAN,MF,FC Juárez,27-246,1998,23,21,"1,819",20.2,2,4,6,2,0,0,4,0,0.1,0.2,0.3,0.1,0.3,Matches
319,Israel Luna,mx MEX,MF,Pachuca,23-334,2002,5,1,183,2,0,0,0,0,0,0,0,0,0,0,0,0,0,Matches
320,Oscar Macías,mx MEX,MF,Atlético San Luis,27-226,1998,15,15,"1,069",11.9,1,1,2,1,0,0,3,0,0.08,0.08,0.17,0.08,0.17,Matches
321,Waldo Madrid,mx MEX,MF,Querétaro,22-179,2003,6,1,144,1.6,0,0,0,0,0,0,0,0,0,0,0,0,0,Matches
322,Madson,br BRA,MF,FC Juárez,26-178,1999,18,16,"1,220",13.6,2,1,3,2,0,0,1,0,0.15,0.07,0.22,0.15,0.22,Matches
323,Ignacio Maestro Puch,ar ARG,FW,Puebla,22-191,2003,4,0,62,0.7,0,0,0,0,0,0,1,0,0,0,0,0,0,Matches
324,Luis Manuel García,mx MEX,GK,Toluca,33-051,1992,10,9,813,9,0,0,0,0,0,0,2,0,0,0,0,0,0,Matches
325,Juan Manuel Sanabria,uy URU,"DF,MF",Atlético San Luis,25-328,2000,19,19,"1,710",19,2,5,7,2,0,0,4,0,0.11,0.26,0.37,0.11,0.37,Matches
326,Óscar Manzanarez,mx MEX,DF,Querétaro,30-302,1995,5,5,450,5,0,0,0,0,0,0,1,0,0,0,0,0,0,Matches
327,Jahaziel Marchand,mx MEX,MF,Atlético San Luis,24-145,2001,8,0,52,0.6,0,0,0,0,0,0,2,1,0,0,0,0,0,Matches
328,Ricardo Marín,mx MEX,"FW,MF",Puebla,27-339,1998,15,10,861,9.6,4,2,6,4,0,0,2,0,0.42,0.21,0.63,0.42,0.63,Matches
329,Ricardo Marín,mx MEX,FW,Guadalajara,27-339,1998,3,0,35,0.4,0,1,1,0,0,0,0,0,0,2.57,2.57,0,2.57,Matches
330,Salvador Mariscal,mx MEX,MF,Santos Laguna,22-304,2003,14,7,739,8.2,0,0,0,0,0,0,2,0,0,0,0,0,0,Matches
331,Jeremy Márquez,mx MEX,MF,Cruz Azul,25-244,2000,19,10,870,9.7,2,0,2,2,0,0,2,0,0.21,0,0.21,0.21,0.21,Matches
332,Anthony Martial,fr FRA,"MF,FW",Monterrey,30-077,1995,14,6,542,6,1,2,3,1,0,1,0,0,0.17,0.33,0.5,0.17,0.5,Matches
333,Henry Martín,mx MEX,FW,América,33-094,1992,6,3,283,3.1,0,0,0,0,0,1,0,0,0,0,0,0,0,Matches
334,Guillermo Martínez Ayala,mx MEX,FW,UNAM,30-342,1995,15,11,970,10.8,5,0,5,4,1,1,3,0,0.46,0,0.46,0.37,0.37,Matches
335,Diego Martínez,mx MEX,FW,FC Juárez,21-319,2004,1,0,16,0.2,0,0,0,0,0,0,0,0,0,0,0,0,0,Matches
336,Emilio Martínez González,mx MEX,DF,Necaxa,23-018,2003,5,1,174,1.9,0,0,0,0,0,0,0,0,0,0,0,0,0,Matches
337,Homer Martínez,co COL,MF,FC Juárez,28-137,1997,20,18,"1,479",16.4,0,1,1,0,0,0,6,0,0,0.06,0.06,0,0.06,Matches
338,Josef Martínez,ve VEN,FW,Tijuana,32-277,1993,4,0,82,0.9,0,0,0,0,0,0,0,0,0,0,0,0,0,Matches
339,Luca Martínez,mx MEX,FW,FC Juárez,25-034,2001,3,0,94,1,0,0,0,0,0,0,0,0,0,0,0,0,0,Matches
340,Raúl Martínez,mx MEX,DF,Necaxa,22-352,2003,3,3,270,3,0,0,0,0,0,0,0,0,0,0,0,0,0,Matches
341,Alejandro Mayorga,mx MEX,DF,FC Juárez,28-267,1997,20,19,"1,702",18.9,0,2,2,0,0,0,7,0,0,0.11,0.11,0,0.11,Matches
342,Alan Medina,mx MEX,MF,Querétaro,28-185,1997,4,0,76,0.8,0,0,0,0,0,0,0,0,0,0,0,0,0,Matches
343,Alan Medina,mx MEX,"MF,FW",UNAM,28-185,1997,18,11,"1,031",11.5,4,3,7,4,0,0,1,0,0.35,0.26,0.61,0.35,0.61,Matches
344,Diego Medina,mx MEX,MF,Santos Laguna,24-345,2001,10,0,162,1.8,0,1,1,0,0,0,0,0,0,0.56,0.56,0,0.56,Matches
345,Jesús Medina,py PAR,MF,Atlético San Luis,28-296,1997,1,1,68,0.8,1,0,1,1,0,0,0,0,1.32,0,1.32,1.32,1.32,Matches
346,Stefan Medina,co COL,DF,Monterrey,33-251,1992,20,17,"1,465",16.3,0,0,0,0,0,0,2,0,0,0,0,0,0,Matches
347,Aaron Mejía Montoya,mx MEX,DF,Tijuana,24-259,2001,5,2,217,2.4,0,0,0,0,0,0,0,0,0,0,0,0,0,Matches
348,Santiago Mele,uy URU,GK,Monterrey,28-167,1997,15,15,"1,350",15,0,0,0,0,0,0,2,0,0,0,0,0,0,Matches
349,Bruno Méndez,uy URU,DF,Toluca,26-163,1999,18,15,"1,392",15.5,1,0,1,1,0,0,3,1,0.06,0,0.06,0.06,0.06,Matches
350,Francisco Méndez,mx MEX,DF,Necaxa,20-292,2005,1,0,45,0.5,0,0,0,0,0,0,0,0,0,0,0,0,0,Matches
351,Jaziel Mendoza,mx MEX,DF,Cruz Azul,20-276,2005,2,1,59,0.7,0,0,0,0,0,0,1,0,0,0,0,0,0,Matches
352,Roberto Meraz,mx MEX,MF,Atlético San Luis,26-200,1999,5,1,211,2.3,0,0,0,0,0,0,0,0,0,0,0,0,0,Matches
353,Roberto Meraz,mx MEX,MF,Mazatlán,26-200,1999,12,5,536,6,1,0,1,1,0,0,2,0,0.17,0,0.17,0.17,0.17,Matches
354,Lucas Merolla,ar ARG,DF,Mazatlán,30-238,1995,17,13,993,11,0,2,2,0,0,0,6,0,0,0.18,0.18,0,0.18,Matches
355,Bruce El-Mesmari,mx MEX,MF,Querétaro,23-303,2002,1,0,20,0.2,0,0,0,0,0,0,0,0,0,0,0,0,0,Matches
356,Kevin Mier,co COL,GK,Cruz Azul,25-278,2000,16,16,"1,394",15.5,0,0,0,0,0,0,0,0,0,0,0,0,0,Matches
357,Fernando Monárrez,mx MEX,"DF,MF",Puebla,26-213,1999,17,13,"1,069",11.9,1,3,4,0,1,2,2,1,0.08,0.25,0.34,0,0.25,Matches
358,Monchu,es ESP,MF,FC Juárez,26-160,1999,2,1,113,1.3,0,0,0,0,0,0,0,0,0,0,0,0,0,Matches
359,Ricardo Monreal,mx MEX,"MF,FW",Necaxa,25-010,2001,21,11,975,10.8,3,1,4,3,0,0,2,1,0.28,0.09,0.37,0.28,0.37,Matches
360,Pablo Monroy,mx MEX,"MF,FW",UNAM,23-213,2002,7,2,217,2.4,0,0,0,0,0,0,2,0,0,0,0,0,0,Matches
361,Elias Montiel,mx MEX,MF,Pachuca,20-136,2005,11,11,981,10.9,1,2,3,1,0,0,1,0,0.09,0.18,0.28,0.09,0.28,Matches
362,Adrián Mora,mx MEX,DF,Atlas,28-189,1997,15,14,"1,239",13.8,2,0,2,2,0,0,3,0,0.15,0,0.15,0.15,0.15,Matches
363,Gilberto Mora,mx MEX,"MF,FW",Tijuana,17-129,2008,13,12,933,10.4,3,1,4,3,0,0,0,0,0.29,0.1,0.39,0.29,0.39,Matches
364,Amaury Morales,mx MEX,MF,Cruz Azul,20-079,2005,9,2,275,3.1,1,1,2,1,0,0,0,0,0.33,0.33,0.65,0.33,0.65,Matches
365,Robert Morales,py PAR,"FW,MF",Toluca,26-340,1999,15,6,639,7.1,3,3,6,3,0,0,0,0,0.42,0.42,0.85,0.42,0.85,Matches
366,Robert Morales,py PAR,"FW,MF",UNAM,26-340,1999,6,5,435,4.8,2,1,3,1,1,1,0,0,0.41,0.21,0.62,0.21,0.41,Matches
367,Carlos Moreno,mx MEX,GK,Pachuca,28-022,1998,22,22,"1,979",22,0,0,0,0,0,0,5,1,0,0,0,0,0,Matches
368,Héctor Moreno,mx MEX,"DF,MF",Monterrey,38-034,1988,6,3,260,2.9,0,0,0,0,0,0,0,0,0,0,0,0,0,Matches
369,Iker Moreno,mx MEX,DF,Puebla,22-159,2003,10,5,582,6.5,0,0,0,0,0,0,1,0,0,0,0,0,0,Matches
370,Iván Moreno,mx MEX,"MF,DF",León,28-034,1998,22,14,"1,183",13.1,1,3,4,1,0,0,3,0,0.08,0.23,0.3,0.08,0.3,Matches
371,Omar Moreno,mx MEX,"MF,FW",Mazatlán,21-021,2005,13,10,721,8,1,1,2,1,0,0,1,0,0.12,0.12,0.25,0.12,0.25,Matches
372,Joaquín Moxica,mx MEX,FW,Monterrey,20-024,2006,7,0,64,0.7,1,0,1,1,0,0,0,0,1.41,0,1.41,1.41,1.41,Matches
373,Franco Moyano,ar ARG,MF,Puebla,28-160,1997,8,6,456,5.1,0,1,1,0,0,0,2,0,0,0.2,0.2,0,0.2,Matches
374,Alan Mozo,mx MEX,DF,Pachuca,28-321,1997,3,3,221,2.5,0,0,0,0,0,0,1,0,0,0,0,0,0,Matches
375,Alan Mozo,mx MEX,MF,Guadalajara,28-321,1997,3,1,139,1.5,0,1,1,0,0,0,1,0,0,0.65,0.65,0,0.65,Matches
376,Santiago Muñóz,mx MEX,MF,Atlético San Luis,23-190,2002,3,1,88,1,0,1,1,0,0,0,0,0,0,1.02,1.02,0,1.02,Matches
377,Eduardo Mustre,mx MEX,FW,Puebla,23-030,2003,2,0,9,0.1,0,0,0,0,0,0,0,0,0,0,0,0,0,Matches
378,Luis Nájera,mx MEX,MF,Atlético San Luis,22-361,2003,3,1,110,1.2,1,0,1,1,0,0,0,0,0.82,0,0.82,0.82,0.82,Matches
379,Eduardo Navarro,mx MEX,DF,Puebla,21-223,2004,15,13,"1,089",12.1,0,0,0,0,0,0,5,0,0,0,0,0,0,Matches
380,Keylor Navas,cr CRC,GK,UNAM,39-067,1986,21,21,"1,890",21,0,0,0,0,0,0,1,0,0,0,0,0,0,Matches
381,Francisco Nevarez,mx MEX,DF,FC Juárez,25-079,2000,10,6,629,7,1,0,1,1,0,0,1,0,0.14,0,0.14,0.14,0.14,Matches
382,Shamar Nicholson,jm JAM,FW,Tijuana,28-341,1997,9,4,359,4,1,0,1,1,0,0,0,0,0.25,0,0.25,0.25,0.25,Matches
383,Lucas Ocampos,ar ARG,MF,Monterrey,31-224,1994,18,11,"1,102",12.2,5,6,11,4,1,1,5,0,0.41,0.49,0.9,0.33,0.82,Matches
384,Alberto Ocejo,mx MEX,FW,Santos Laguna,27-249,1998,20,9,858,9.5,3,2,5,3,0,1,3,1,0.31,0.21,0.52,0.31,0.52,Matches
385,Diego Ochoa,mx MEX,DF,FC Juárez,20-306,2005,5,3,275,3.1,0,0,0,0,0,0,0,0,0,0,0,0,0,Matches
386,Agustín Oliveros,uy URU,DF,Necaxa,27-187,1998,13,13,"1,113",12.4,1,0,1,1,0,0,1,0,0.08,0,0.08,0.08,0.08,Matches
387,Luca Orellano,ar ARG,FW,Monterrey,25-335,2000,3,1,159,1.8,1,1,2,1,0,0,0,0,0.57,0.57,1.13,0.57,1.13,Matches
388,Alejandro Organista,mx MEX,"MF,FW",Puebla,25-263,2000,23,20,"1,595",17.7,1,1,2,1,0,0,3,0,0.06,0.06,0.11,0.06,0.11,Matches
389,Efraín Orona,mx MEX,DF,Santos Laguna,26-363,1999,6,5,459,5.1,0,0,0,0,0,0,2,0,0,0,0,0,0,Matches
390,Efraín Orona,mx MEX,DF,Puebla,26-363,1999,12,8,733,8.1,0,0,0,0,0,0,1,0,0,0,0,0,0,Matches
391,Jesús Orozco,mx MEX,DF,Cruz Azul,24-001,2002,12,8,791,8.8,1,1,2,1,0,0,2,2,0.11,0.11,0.23,0.11,0.23,Matches
392,Ralph Orquin,us USA,"MF,DF",América,22-311,2003,2,2,173,1.9,0,0,0,0,0,0,0,0,0,0,0,0,0,Matches
393,Carlos Orrantía,mx MEX,DF,Atlas,35-019,1991,6,1,102,1.1,0,0,0,0,0,0,0,0,0,0,0,0,0,Matches
394,Haret Ortega,mx MEX,DF,Santos Laguna,25-277,2000,17,16,"1,403",15.6,1,0,1,1,0,0,5,2,0.06,0,0.06,0.06,0.06,Matches
395,Pablo Ortiz,mx MEX,DF,Tijuana,23-321,2002,10,5,583,6.5,0,1,1,0,0,0,3,0,0,0.15,0.15,0,0.15,Matches
396,Ebere Osinachi,ng NGA,FW,Cruz Azul,27-322,1998,2,0,42,0.5,0,0,0,0,0,0,0,0,0,0,0,0,0,Matches
397,Josué Ovalle,cl CHI,FW,Mazatlán,25-276,2000,1,0,20,0.2,0,0,0,0,0,0,1,0,0,0,0,0,0,Matches
398,Juan Pablo Vargas,cr CRC,DF,Puebla,30-259,1995,3,3,270,3,1,0,1,1,0,0,0,0,0.33,0,0.33,0.33,0.33,Matches
399,Juan Pablo Vigón,mx MEX,MF,UANL,34-215,1991,12,2,237,2.6,0,0,0,0,0,0,0,0,0,0,0,0,0,Matches
400,Rodrigo Pachuca,mx MEX,DF,Puebla,20-211,2005,14,7,743,8.3,0,1,1,0,0,0,0,0,0,0.12,0.12,0,0.12,Matches
401,Yael Padilla,mx MEX,MF,Guadalajara,20-063,2005,5,0,75,0.8,1,0,1,1,0,0,0,0,1.2,0,1.2,1.2,1.2,Matches
402,Kevin Palacios,co COL,"MF,FW",Santos Laguna,26-020,2000,20,13,"1,170",13,2,1,3,2,0,0,2,0,0.15,0.08,0.23,0.15,0.23,Matches
403,Agustín Palavecino,ar ARG,MF,Cruz Azul,29-103,1996,6,5,472,5.2,2,0,2,2,0,0,1,0,0.38,0,0.38,0.38,0.38,Matches
404,Agustín Palavecino,ar ARG,MF,Necaxa,29-103,1996,16,16,"1,403",15.6,2,2,4,1,1,1,5,0,0.13,0.13,0.26,0.06,0.19,Matches
405,José Paradela,ar ARG,MF,Cruz Azul,27-067,1998,23,23,"1,779",19.8,7,6,13,7,0,0,2,0,0.35,0.3,0.66,0.35,0.66,Matches
406,Bernardo Parra,mx MEX,MF,Querétaro,21-045,2005,4,4,286,3.2,0,0,0,0,0,0,0,0,0,0,0,0,0,Matches
407,Bernardo Parra,mx MEX,MF,UANL,21-045,2005,10,7,576,6.4,0,1,1,0,0,0,1,0,0,0.16,0.16,0,0.16,Matches
408,Rodrigo Parra,mx MEX,GK,UNAM,18-084,2007,2,2,180,2,0,0,0,0,0,0,0,0,0,0,0,0,0,Matches
409,Edson Partida,mx MEX,MF,Querétaro,28-069,1997,3,1,114,1.3,0,0,0,0,0,0,0,0,0,0,0,0,0,Matches
410,Raúl Patrón,mx MEX,DF,Atlético San Luis,21-327,2004,1,0,1,0,0,0,0,0,0,0,0,0,0,0,0,0,0,Matches
411,Paulinho,pt POR,FW,Toluca,33-103,1992,19,17,"1,438",16,14,2,16,13,1,1,2,0,0.88,0.13,1,0.81,0.94,Matches
412,Pedro Pedraza,mx MEX,MF,Pachuca,25-296,2000,17,13,937,10.4,0,0,0,0,0,0,7,0,0,0,0,0,0,Matches
413,João Pedro,it ITA,FW,Atlético San Luis,33-348,1992,23,23,"2,039",22.7,18,0,18,12,6,6,4,1,0.79,0,0.79,0.53,0.53,Matches
414,Federico Pereira,uy URU,DF,Toluca,25-361,2000,22,20,"1,770",19.7,1,0,1,1,0,0,5,0,0.05,0,0.05,0.05,0.05,Matches
415,Aldahir Perez,mx MEX,FW,Querétaro,21-139,2004,7,1,177,2,1,0,1,1,0,0,0,0,0.51,0,0.51,0.51,0.51,Matches
416,Sebastián Pérez Bouquet,mx MEX,MF,Atlético San Luis,22-243,2003,15,12,869,9.7,2,2,4,2,0,0,1,0,0.21,0.21,0.41,0.21,0.41,Matches
417,Jonathan Pérez,mx MEX,DF,Santos Laguna,20-116,2005,5,4,372,4.1,1,0,1,1,0,0,0,0,0.24,0,0.24,0.24,0.24,Matches
418,Pavel Pérez,mx MEX,MF,Toluca,27-239,1998,6,3,289,3.2,0,0,0,0,0,0,0,0,0,0,0,0,0,Matches
419,Pavel Pérez,mx MEX,"MF,FW",Necaxa,27-239,1998,17,7,711,7.9,2,0,2,2,0,0,0,0,0.25,0,0.25,0.25,0.25,Matches
420,Eduardo Pérez Reyes,mx MEX,FW,Querétaro,32-298,1993,4,2,115,1.3,0,0,0,0,0,0,0,0,0,0,0,0,0,Matches
421,Jonathan Perlaza,ec ECU,"DF,MF",Querétaro,28-160,1997,13,7,721,8,1,1,2,1,0,0,2,0,0.12,0.12,0.25,0.12,0.25,Matches
422,Yan Phillipe,br BRA,"MF,FW",Atlético San Luis,21-279,2004,10,6,520,5.8,0,0,0,0,0,0,2,0,0,0,0,0,0,Matches
423,Kevin Picón,mx MEX,DF,Santos Laguna,21-361,2004,3,1,80,0.9,0,0,0,0,0,0,2,0,0,0,0,0,0,Matches
424,Jesús Piñuelas,mx MEX,DF,Querétaro,27-330,1998,3,2,206,2.3,0,0,0,0,0,0,0,0,0,0,0,0,0,Matches
425,Gonzalo Piovi,ar ARG,DF,Cruz Azul,31-165,1994,19,19,"1,616",18,0,2,2,0,0,0,5,0,0,0.11,0.11,0,0.11,Matches
426,Rodolfo Pizarro,mx MEX,"MF,FW",FC Juárez,32-005,1994,22,15,"1,379",15.3,4,1,5,4,0,0,2,0,0.26,0.07,0.33,0.26,0.33,Matches
427,Jackson Porozo,ec ECU,DF,Tijuana,25-200,2000,23,23,"2,070",23,2,0,2,2,0,0,7,0,0.09,0,0.09,0.09,0.09,Matches
428,Osvaldo Rodríguez del Portal,mx MEX,DF,UANL,29-163,1996,5,4,314,3.5,0,1,1,0,0,0,0,0,0,0.29,0.29,0,0.29,Matches
429,Walter Portales,us USA,DF,Puebla,21-330,2004,4,4,244,2.7,0,0,0,0,0,0,0,0,0,0,0,0,0,Matches
430,Adonis Preciado,ec ECU,"MF,FW",Tijuana,28-334,1997,23,16,"1,483",16.5,3,2,5,2,1,2,4,0,0.18,0.12,0.3,0.12,0.24,Matches
431,Ronaldo Prieto,mx MEX,"DF,MF",Santos Laguna,28-354,1997,1,0,9,0.1,0,0,0,0,0,0,0,0,0,0,0,0,0,Matches
432,Alan Pulido,mx MEX,MF,Guadalajara,34-349,1991,5,2,248,2.8,0,0,0,0,0,1,0,0,0,0,0,0,0,Matches
433,Francisco Pumpido,mx MEX,DF,Toluca,21-112,2004,1,1,45,0.5,0,0,0,0,0,0,0,0,0,0,0,0,0,Matches
434,Piero Quispe,pe PER,MF,UNAM,24-190,2001,6,2,203,2.3,0,0,0,0,0,0,2,0,0,0,0,0,0,Matches
435,Alonso Ramírez,mx MEX,MF,Puebla,24-184,2001,4,0,127,1.4,0,0,0,0,0,0,1,0,0,0,0,0,0,Matches
436,Alonso Ramírez,mx MEX,MF,Atlas,24-184,2001,3,2,192,2.1,0,0,0,0,0,0,1,0,0,0,0,0,0,Matches
437,Dennis Ramirez,mx MEX,MF,UNAM,18-261,2007,2,0,29,0.3,0,0,0,0,0,0,0,0,0,0,0,0,0,Matches
438,Miguel Ramírez,us USA,"MF,DF",Puebla,23-235,2002,15,7,638,7.1,0,0,0,0,0,0,0,0,0,0,0,0,0,Matches
439,Paulo Ramírez,mx MEX,MF,Atlas,23-127,2002,15,12,"1,026",11.4,1,0,1,1,0,0,2,1,0.09,0,0.09,0.09,0.09,Matches
440,Cesar Ramos,mx MEX,GK,Atlas,25-251,2000,1,1,90,1,0,0,0,0,0,0,0,0,0,0,0,0,0,Matches
441,Sergio Ramos,es ESP,DF,Monterrey,39-327,1986,15,15,"1,336",14.8,2,0,2,0,2,3,7,0,0.13,0,0.13,0,0,Matches
442,Aaron Ramsey,wls WAL,MF,UNAM,35-056,1990,6,3,235,2.6,1,0,1,1,0,1,1,0,0.38,0,0.38,0.38,0.38,Matches
443,José Rangel Aguilar,mx MEX,GK,Guadalajara,25-360,2000,23,23,"2,070",23,0,0,0,0,0,0,3,0,0,0,0,0,0,Matches
444,Luis Rey,mx MEX,"MF,DF",Puebla,23-159,2002,17,15,"1,136",12.6,2,0,2,2,0,0,2,0,0.16,0,0.16,0.16,0.16,Matches
445,Cristian Reyes,mx MEX,MF,Monterrey,19-316,2006,1,0,10,0.1,0,0,0,0,0,0,0,0,0,0,0,0,0,Matches
446,Diego Reyes,mx MEX,DF,Querétaro,33-154,1992,13,13,"1,130",12.6,0,0,0,0,0,0,1,0,0,0,0,0,0,Matches
447,Francisco Reyes,mx MEX,DF,UANL,27-139,1998,1,0,9,0.1,0,0,0,0,0,0,0,0,0,0,0,0,0,Matches
448,Israel Reyes,mx MEX,"DF,MF",América,25-273,2000,21,19,"1,758",19.5,0,1,1,0,0,0,1,0,0,0.05,0.05,0,0.05,Matches
449,Josué Reyes,mx MEX,DF,Tijuana,28-072,1997,1,0,17,0.2,0,0,0,0,0,0,1,0,0,0,0,0,0,Matches
450,Salvador Reyes,mx MEX,DF,León,27-292,1998,21,21,"1,852",20.6,0,2,2,0,0,0,4,0,0,0.1,0.1,0,0.1,Matches
451,Ricardinho,pt POR,"MF,FW",FC Juárez,27-198,1998,17,11,814,9,1,1,2,1,0,0,2,1,0.11,0.11,0.22,0.11,0.22,Matches
452,Luis Ricardo Reyes,mx MEX,"DF,MF",Monterrey,34-323,1991,11,8,722,8,0,1,1,0,0,0,0,0,0,0.12,0.12,0,0.12,Matches
453,Ángel Rico,mx MEX,MF,UNAM,21-039,2005,4,0,68,0.8,0,0,0,0,0,0,0,0,0,0,0,0,0,Matches
454,Emiliano Rigoni,ar ARG,"FW,MF",León,33-016,1993,1,0,6,0.1,0,0,0,0,0,0,0,0,0,0,0,0,0,Matches
455,Víctor Ríos,mx MEX,"MF,DF",Atlas,22-009,2004,21,16,"1,393",15.5,0,0,0,0,0,0,5,0,0,0,0,0,0,Matches
456,Jesús Rivas,mx MEX,"DF,MF",Puebla,23-114,2002,8,8,577,6.4,0,0,0,0,0,0,1,0,0,0,0,0,0,Matches
457,Jesús Rivas,mx MEX,DF,UNAM,23-114,2002,4,4,360,4,0,0,0,0,0,0,1,0,0,0,0,0,0,Matches
458,Ulises Rivas,mx MEX,MF,UNAM,30-026,1996,4,1,112,1.2,0,0,0,0,0,0,1,0,0,0,0,0,0,Matches
459,Christian Rivera,co COL,MF,Pachuca,30-037,1996,6,5,467,5.2,1,1,2,1,0,0,1,0,0.19,0.19,0.39,0.19,0.39,Matches
460,Ignacio Rivero,uy URU,MF,Cruz Azul,33-316,1992,15,8,838,9.3,2,1,3,2,0,0,4,0,0.21,0.11,0.32,0.21,0.32,Matches
461,Ignacio Rivero,uy URU,MF,Tijuana,33-316,1992,6,5,429,4.8,0,0,0,0,0,0,1,0,0,0,0,0,0,Matches
462,Rober,es ESP,DF,Atlas,31-004,1995,5,4,353,3.9,0,1,1,0,0,0,0,0,0,0.25,0.25,0,0.25,Matches
463,Jorge Roberto Díaz,mx MEX,FW,Toluca,27-208,1998,4,1,102,1.1,0,0,0,0,0,0,0,0,0,0,0,0,0,Matches
464,Ángel Robles,mx MEX,FW,Puebla,24-094,2001,1,0,1,0,0,0,0,0,0,0,0,0,0,0,0,0,0,Matches
465,Juan Robles,mx MEX,"MF,DF",Querétaro,22-155,2003,11,3,315,3.5,1,0,1,1,0,0,3,0,0.29,0,0.29,0.29,0.29,Matches
466,Aldo Rocha,mx MEX,MF,Atlas,33-106,1992,18,17,"1,445",16.1,0,2,2,0,0,0,5,1,0,0.12,0.12,0,0.12,Matches
467,Jorge Rodarte,mx MEX,DF,Cruz Azul,21-303,2004,6,3,187,2.1,0,0,0,0,0,0,2,1,0,0,0,0,0,Matches
468,Brian Rodríguez,uy URU,"MF,FW",América,25-276,2000,23,16,"1,400",15.6,8,5,13,5,3,3,3,0,0.51,0.32,0.84,0.32,0.64,Matches
469,Charly Rodríguez,mx MEX,MF,Cruz Azul,29-048,1997,23,20,"1,629",18.1,4,4,8,4,0,0,3,0,0.22,0.22,0.44,0.22,0.44,Matches
470,David Rodriguez,us USA,MF,Atlético San Luis,23-291,2002,1,0,12,0.1,0,0,0,0,0,0,0,0,0,0,0,0,0,Matches
471,James Rodríguez,co COL,"MF,FW",León,34-223,1991,14,10,981,10.9,3,2,5,0,3,3,1,0,0.28,0.18,0.46,0,0.18,Matches
472,Jesús Rodríguez,mx MEX,GK,Puebla,32-275,1993,7,7,585,6.5,0,0,0,0,0,0,1,0,0,0,0,0,0,Matches
473,Jorge Rodríguez,mx MEX,DF,Atlas,24-170,2001,5,2,232,2.6,0,0,0,0,0,0,0,0,0,0,0,0,0,Matches
474,Lucas Rodríguez,ar ARG,"MF,FW",Querétaro,28-299,1997,21,17,"1,424",15.8,2,4,6,2,0,0,5,0,0.13,0.25,0.38,0.13,0.38,Matches
475,Michell Rodríguez,mx MEX,MF,Monterrey,25-194,2000,4,1,103,1.1,0,0,0,0,0,0,0,0,0,0,0,0,0,Matches
476,Miguel Rodríguez,mx MEX,MF,León,22-305,2003,14,3,437,4.9,0,0,0,0,0,0,0,0,0,0,0,0,0,Matches
477,Ricardo Rodríguez,mx MEX,GK,Mazatlán,24-342,2001,6,6,540,6,0,0,0,0,0,0,0,0,0,0,0,0,0,Matches
478,Salvador Rodríguez,mx MEX,DF,Mazatlán,24-198,2001,1,0,8,0.1,0,0,0,0,0,0,0,0,0,0,0,0,0,Matches
479,Sergio Rodríguez,mx MEX,MF,Pachuca,22-020,2004,3,2,173,1.9,0,0,0,0,0,0,2,0,0,0,0,0,0,Matches
480,Johan Rojas,co COL,MF,Necaxa,23-153,2002,15,5,604,6.7,1,0,1,1,0,0,4,0,0.15,0,0.15,0.15,0.15,Matches
481,Franco Romero,ar ARG,MF,Toluca,25-303,2000,21,19,"1,758",19.5,0,1,1,0,0,0,2,0,0,0.05,0.05,0,0.05,Matches
482,Luka Romero,ar ARG,MF,Cruz Azul,21-094,2004,21,11,924,10.3,2,2,4,2,0,0,1,1,0.19,0.19,0.39,0.19,0.39,Matches
483,Luis Romo,mx MEX,"DF,MF",Guadalajara,30-260,1995,21,21,"1,872",20.8,1,2,3,1,0,0,4,1,0.05,0.1,0.14,0.05,0.14,Matches
484,Romulo,br BRA,"DF,MF",UANL,25-356,2000,20,19,"1,702",18.9,0,2,2,0,0,0,6,0,0,0.11,0.11,0,0.11,Matches
485,Salomón Rondón,ve VEN,FW,Pachuca,36-157,1989,6,3,374,4.2,3,0,3,3,0,0,0,0,0.72,0,0.72,0.72,0.72,Matches
486,Kevin Rosero,co COL,"MF,DF",Necaxa,27-079,1998,23,23,"1,954",21.7,2,3,5,2,0,0,4,0,0.09,0.14,0.23,0.09,0.23,Matches
487,Franco Rossano,mx MEX,"MF,DF",Necaxa,20-208,2005,21,13,"1,201",13.3,0,4,4,0,0,0,2,0,0,0.3,0.3,0,0.3,Matches
488,Franco Rossi,uy URU,FW,Toluca,23-239,2002,2,0,33,0.4,0,0,0,0,0,0,0,0,0,0,0,0,0,Matches
489,Carlos Rotondi,ar ARG,"MF,DF",Cruz Azul,28-345,1997,21,19,"1,654",18.4,3,3,6,3,0,1,3,0,0.16,0.16,0.33,0.16,0.33,Matches
490,Fernando Rubén González,mx MEX,MF,Guadalajara,32-024,1994,14,11,989,11,0,0,0,0,0,0,3,1,0,0,0,0,0,Matches
491,Brian Rubio,mx MEX,FW,Mazatlán,29-103,1996,4,3,249,2.8,0,0,0,0,0,0,1,0,0,0,0,0,0,Matches
492,Javier Ruiz,ar ARG,MF,Necaxa,21-149,2004,1,0,6,0.1,1,0,1,1,0,0,0,0,15,0,15,15,15,Matches
493,Marcel Ruiz,mx MEX,MF,Toluca,25-117,2000,20,17,"1,586",17.6,3,3,6,3,0,0,7,0,0.17,0.17,0.34,0.17,0.34,Matches
494,Jorge Ruvalcaba,mx MEX,"MF,FW",UNAM,24-212,2001,18,17,"1,460",16.2,5,4,9,5,0,0,8,0,0.31,0.25,0.55,0.31,0.55,Matches
495,Ángel Saavedra,mx MEX,MF,Mazatlán,22-252,2003,10,4,378,4.2,0,1,1,0,0,0,2,0,0,0.24,0.24,0,0.24,Matches
496,Allan Saint-Maximin,fr FRA,"MF,FW",América,28-345,1997,15,9,800,8.9,3,2,5,3,0,0,3,0,0.34,0.23,0.56,0.34,0.56,Matches
497,Patricio Salas,mx MEX,"MF,FW",América,22-003,2004,9,2,246,2.7,0,0,0,0,0,0,1,0,0,0,0,0,0,Matches
498,Carlos Salcedo,mx MEX,DF,Monterrey,32-144,1993,6,3,250,2.8,0,0,0,0,0,0,1,0,0,0,0,0,0,Matches
499,Sebastien Salles-Lamonge,fr FRA,MF,Atlético San Luis,30-023,1996,23,22,"1,959",21.8,3,4,7,3,0,0,3,0,0.14,0.18,0.32,0.14,0.32,Matches
500,Jorge San Martín,mx MEX,DF,Atlas,21-194,2004,5,1,121,1.3,0,0,0,0,0,0,0,0,0,0,0,0,0,Matches
501,Andrés Sánchez,mx MEX,GK,Atlético San Luis,28-140,1997,22,22,"1,980",22,0,0,0,0,0,0,3,0,0,0,0,0,0,Matches
502,Antonio Sánchez,mx MEX,GK,Atlas,26-029,2000,2,2,180,2,0,0,0,0,0,0,1,0,0,0,0,0,0,Matches
503,Carlos Sánchez,mx MEX,DF,Pachuca,23-313,2002,15,5,622,6.9,0,0,0,0,0,0,3,0,0,0,0,0,0,Matches
504,Diego Sánchez,mx MEX,"MF,FW",UANL,20-314,2005,8,4,364,4,2,2,4,2,0,0,1,0,0.49,0.49,0.99,0.49,0.99,Matches
505,Emmanuel Sanchez,mx MEX,MF,Cruz Azul,20-010,2006,1,0,6,0.1,0,0,0,0,0,0,0,0,0,0,0,0,0,Matches
506,Erick Sánchez,mx MEX,MF,América,26-146,1999,16,13,"1,123",12.5,2,0,2,2,0,0,3,1,0.16,0,0.16,0.16,0.16,Matches
507,Raúl Sánchez,es ESP,"FW,MF",Necaxa,49-081,1976,13,4,391,4.3,0,0,0,0,0,0,2,0,0,0,0,0,0,Matches
508,Santiago Sandoval,mx MEX,"MF,FW",Guadalajara,18-197,2007,19,11,930,10.3,2,0,2,2,0,0,3,0,0.19,0,0.19,0.19,0.19,Matches
509,José Santiago Hernández,mx MEX,GK,Querétaro,28-295,1997,5,5,450,5,0,0,0,0,0,0,0,0,0,0,0,0,0,Matches
510,Samir Santos,br BRA,DF,Mazatlán,31-077,1994,3,3,270,3,0,0,0,0,0,0,1,0,0,0,0,0,0,Matches
511,Sebastian Santos,mx MEX,DF,Mazatlán,23-030,2003,3,3,270,3,0,0,0,0,0,0,1,0,0,0,0,0,0,Matches
512,Sebastian Santos,mx MEX,DF,León,23-030,2003,12,9,748,8.3,0,0,0,0,0,0,3,0,0,0,0,0,0,Matches
513,Rodrigo Schlegel,ar ARG,DF,Atlas,28-323,1997,6,6,540,6,0,0,0,0,0,0,1,0,0,0,0,0,0,Matches
514,Francisco Sebastián Córdova,mx MEX,MF,Toluca,28-253,1997,5,1,128,1.4,0,0,0,0,0,1,1,0,0,0,0,0,0,Matches
515,Francisco Sebastián Córdova,mx MEX,MF,UANL,28-253,1997,6,1,148,1.6,0,0,0,0,0,0,0,0,0,0,0,0,0,Matches
516,Ángel Sepúlveda,mx MEX,"FW,MF",Cruz Azul,35-005,1991,16,8,744,8.3,7,3,10,4,3,3,1,0,0.85,0.36,1.21,0.48,0.85,Matches
517,Ángel Sepúlveda,mx MEX,"FW,MF",Guadalajara,35-005,1991,6,0,111,1.2,0,0,0,0,0,0,0,0,0,0,0,0,0,Matches
518,Gilberto Sepúlveda,mx MEX,"DF,MF",Guadalajara,27-016,1999,9,5,445,4.9,0,0,0,0,0,0,2,0,0,0,0,0,0,Matches
519,Jesús Serrato,mx MEX,MF,Atlas,20-061,2005,2,0,27,0.3,0,0,0,0,0,0,0,0,0,0,0,0,0,Matches
520,Jordan Sierra,ec ECU,MF,Mazatlán,28-303,1997,19,18,"1,570",17.4,3,0,3,3,0,0,2,0,0.17,0,0.17,0.17,0.17,Matches
521,Juan Sigala,mx MEX,MF,Pachuca,18-320,2007,1,1,45,0.5,0,0,0,0,0,0,0,0,0,0,0,0,0,Matches
522,Leonardo Silva,mx MEX,MF,FC Juárez,21-234,2004,4,0,44,0.5,0,0,0,0,0,0,0,0,0,0,0,0,0,Matches
523,Nathan Silva,br BRA,DF,UNAM,28-290,1997,23,23,"2,070",23,0,0,0,0,0,1,4,0,0,0,0,0,0,Matches
524,Santiago Simón,ar ARG,"DF,MF",Toluca,23-252,2002,16,12,"1,074",11.9,0,3,3,0,0,0,2,0,0,0.25,0.25,0,0.25,Matches
525,Ramiro Sordo,ar ARG,"MF,FW",Santos Laguna,25-236,2000,20,16,"1,333",14.8,2,4,6,2,0,0,6,1,0.14,0.27,0.41,0.14,0.41,Matches
526,José Suárez,ve VEN,DF,Atlético San Luis,19-292,2006,7,4,376,4.2,0,0,0,0,0,0,0,0,0,0,0,0,0,Matches
527,Miguel Tapias,mx MEX,DF,Guadalajara,29-042,1997,10,5,457,5.1,0,1,1,0,0,0,0,0,0,0.2,0.2,0,0.2,Matches
528,Israel Tello,mx MEX,MF,Necaxa,20-033,2006,3,3,210,2.3,0,1,1,0,0,0,0,0,0,0.43,0.43,0,0.43,Matches
529,Gastón Togni,ar ARG,MF,Pachuca,28-153,1997,14,5,471,5.2,2,0,2,2,0,0,0,0,0.38,0,0.38,0.38,0.38,Matches
530,Iván Tona,mx MEX,MF,Tijuana,25-325,2000,22,22,"1,843",20.5,0,0,0,0,0,0,7,0,0,0,0,0,0,Matches
531,Alan Torres,mx MEX,MF,Mazatlán,26-001,2000,4,0,98,1.1,0,0,0,0,0,0,0,0,0,0,0,0,0,Matches
532,Jairo Torres,mx MEX,MF,FC Juárez,25-230,2000,4,1,186,2.1,1,1,2,1,0,0,1,0,0.48,0.48,0.97,0.48,0.97,Matches
533,Misael Torres,mx MEX,FW,UNAM,20-042,2006,1,0,19,0.2,0,0,0,0,0,0,0,0,0,0,0,0,0,Matches
534,Óliver Torres,es ESP,MF,Monterrey,31-102,1994,21,20,"1,655",18.4,1,6,7,1,0,0,5,1,0.05,0.33,0.38,0.05,0.38,Matches
535,Román Torres,mx MEX,DF,Atlético San Luis,21-060,2004,22,17,"1,553",17.3,1,2,3,1,0,0,4,0,0.06,0.12,0.17,0.06,0.17,Matches
536,Santiago Trigos,mx MEX,MF,UNAM,24-029,2002,13,10,796,8.8,0,0,0,0,0,0,2,0,0,0,0,0,0,Matches
537,Jean Unjanque,sn SEN,"MF,FW",Querétaro,20-337,2005,6,6,420,4.7,0,1,1,0,0,0,0,0,0,0.21,0.21,0,0.21,Matches
538,Ezequiel Unsain,ar ARG,GK,Necaxa,30-348,1995,23,23,"2,070",23,0,0,0,0,0,0,2,0,0,0,0,0,0,Matches
539,Enner Valencia,ec ECU,FW,Pachuca,36-108,1989,9,9,684,7.6,3,0,3,1,2,2,0,0,0.39,0,0.39,0.13,0.13,Matches
540,Carlos Valenzuela,ar ARG,MF,Querétaro,28-304,1997,2,0,60,0.7,0,0,0,0,0,0,0,0,0,0,0,0,0,Matches
541,Nicolás Vallejo,ar ARG,FW,León,22-048,2004,2,1,113,1.3,0,0,0,0,0,0,0,0,0,0,0,0,0,Matches
542,Diego Valoyes,co COL,MF,FC Juárez,29-151,1996,6,1,165,1.8,1,0,1,1,0,0,0,0,0.55,0,0.55,0.55,0.55,Matches
543,Camilo Vargas,co COL,GK,Atlas,36-348,1989,20,20,"1,800",20,0,1,1,0,0,0,2,0,0,0.05,0.05,0,0.05,Matches
544,Leonardo Vargas,mx MEX,FW,Tijuana,24-341,2001,1,0,6,0.1,0,0,0,0,0,0,0,0,0,0,0,0,0,Matches
545,Miguel Vázquez,mx MEX,DF,América,22-013,2004,3,2,151,1.7,0,0,0,0,0,0,0,0,0,0,0,0,0,Matches
546,Alexis Vega,mx MEX,"MF,FW",Toluca,28-087,1997,13,11,928,10.3,4,9,13,3,1,1,3,0,0.39,0.87,1.26,0.29,1.16,Matches
547,Jesús Vega,mx MEX,DF,Tijuana,25-339,2000,21,18,"1,457",16.2,0,4,4,0,0,0,4,0,0,0.25,0.25,0,0.25,Matches
548,Sebastián Vegas,cl CHI,DF,León,29-078,1996,5,5,421,4.7,0,0,0,0,0,0,2,1,0,0,0,0,0,Matches
549,Raphael Veiga,br BRA,MF,América,30-246,1995,2,0,69,0.8,0,0,0,0,0,0,1,0,0,0,0,0,0,Matches
550,Kevin Velasco,co COL,MF,Puebla,28-296,1997,5,1,249,2.8,0,1,1,0,0,0,1,0,0,0.36,0.36,0,0.36,Matches
551,Oscar Villa,mx MEX,DF,León,24-361,2001,1,1,68,0.8,0,0,0,0,0,0,0,0,0,0,0,0,0,Matches
552,Fran Villalba,es ESP,"MF,FW",Santos Laguna,27-285,1998,22,20,"1,539",17.1,3,1,4,2,1,2,5,0,0.18,0.06,0.23,0.12,0.18,Matches
553,Dieter Villalpando,mx MEX,MF,FC Juárez,34-200,1991,11,3,289,3.2,0,0,0,0,0,0,0,0,0,0,0,0,0,Matches
554,Carlos Villanueva López,mx MEX,DF,Querétaro,31-319,1994,11,8,767,8.5,0,0,0,0,0,0,2,0,0,0,0,0,0,Matches
555,Emiliano Villaseñor,mx MEX,DF,UNAM,18-103,2007,1,0,33,0.4,0,0,0,0,0,0,0,0,0,0,0,0,0,Matches
556,Abraham Villegas,,DF,León,23-065,2002,1,1,90,1,0,0,0,0,0,0,0,0,0,0,0,0,0,Matches
557,Isaías Violante,mx MEX,MF,América,22-123,2003,14,2,334,3.7,0,2,2,0,0,0,1,0,0,0.54,0.54,0,0.54,Matches
558,Oswaldo Virgen,mx MEX,FW,Toluca,20-319,2005,10,1,230,2.6,1,1,2,1,0,0,0,0,0.39,0.39,0.78,0.39,0.78,Matches
559,Pedro Vite,ec ECU,MF,UNAM,23-348,2002,20,13,"1,340",14.9,2,0,2,2,0,0,1,0,0.13,0,0.13,0.13,0.13,Matches
560,Vitinho,br BRA,MF,Tijuana,24-303,2001,8,1,220,2.4,0,0,0,0,0,0,0,0,0,0,0,0,0,Matches
561,Teun Wilke,mx MEX,FW,Guadalajara,23-343,2002,4,0,94,1,0,0,0,0,0,0,0,0,0,0,0,0,0,Matches
562,Édgar Yoel Bárcenas,pa PAN,"MF,FW",Mazatlán,32-120,1993,19,15,"1,387",15.4,1,1,2,1,0,0,3,0,0.06,0.06,0.13,0.06,0.13,Matches
563,Ángel Zaldívar,mx MEX,FW,FC Juárez,32-012,1994,17,3,568,6.3,2,1,3,2,0,0,4,0,0.32,0.16,0.48,0.32,0.48,Matches
564,Edgar Zaldívar,mx MEX,"DF,MF",Atlas,29-126,1996,5,0,125,1.4,0,0,0,0,0,0,0,0,0,0,0,0,0,Matches
565,Mauro Zaleta,mx MEX,"DF,MF",Mazatlán,23-324,2002,16,11,981,10.9,2,0,2,2,0,0,2,0,0.18,0,0.18,0.18,0.18,Matches
566,Ángel Zapata,mx MEX,MF,Tijuana,25-017,2001,2,0,8,0.1,0,0,0,0,0,0,0,0,0,0,0,0,0,Matches
567,Ángel Zapata,mx MEX,MF,Querétaro,25-017,2001,15,15,"1,251",13.9,0,1,1,0,0,0,4,1,0,0.07,0.07,0,0.07,Matches
568,Alejandro Zendejas,us USA,"MF,FW",América,28-013,1998,15,11,"1,073",11.9,6,3,9,5,1,1,4,0,0.5,0.25,0.75,0.42,0.67,Matches
569,José Zúñiga,co COL,"FW,MF",América,31-222,1994,16,8,776,8.6,2,1,3,2,0,0,0,0,0.23,0.12,0.35,0.23,0.35,Matches
570,Uroš Đurđević,me MNE,FW,Atlas,31-355,1994,20,20,"1,721",19.1,9,1,10,4,5,5,9,0,0.47,0.05,0.52,0.21,0.26,Matches
571,Uroš Đurđević,me MNE,FW,Monterrey,31-355,1994,2,2,168,1.9,0,0,0,0,0,0,0,0,0,0,0,0,0,Matches
